"""monthly gross income""","""one""","""two""","""three""","""four""","""five""","""six_plus""","""duty to support"""
1.0,1.0,1.0,1.0,1.0,1.0,1.0,12.0
25.0,46.0,46.0,46.0,46.0,46.0,46.0,46.0
75.0,92.0,92.0,92.0,92.0,92.0,92.0,92.0
125.0,139.0,139.0,139.0,139.0,139.0,139.0,139.0
175.0,185.0,185.0,185.0,185.0,185.0,185.0,184.0
225.0,231.0,231.0,231.0,231.0,231.0,231.0,228.0
275.0,277.0,277.0,277.0,277.0,277.0,277.0,273.0
325.0,323.0,323.0,323.0,323.0,323.0,323.0,317.0
375.0,368.0,369.0,369.0,369.0,369.0,369.0,361.0
425.0,412.0,416.0,416.0,416.0,416.0,416.0,405.0
475.0,457.0,462.0,462.0,462.0,462.0,462.0,450.0
525.0,501.0,508.0,508.0,508.0,508.0,508.0,494.0
575.0,545.0,552.0,554.0,554.0,554.0,554.0,538.0
625.0,589.0,596.0,600.0,600.0,600.0,600.0,583.0
675.0,634.0,641.0,646.0,646.0,646.0,646.0,627.0
725.0,678.0,685.0,692.0,693.0,693.0,693.0,671.0
775.0,722.0,729.0,736.0,739.0,739.0,739.0,716.0
825.0,767.0,773.0,780.0,785.0,785.0,785.0,760.0
875.0,811.0,818.0,825.0,831.0,831.0,831.0,801.0
925.0,855.0,862.0,869.0,876.0,877.0,877.0,840.0
975.0,900.0,906.0,913.0,920.0,927.0,934.0,879.0
1025.0,944.0,951.0,957.0,964.0,971.0,978.0,919.0
1075.0,988.0,995.0,1002.0,1009.0,1015.0,1022.0,958.0
1125.0,1032.0,1039.0,1046.0,1053.0,1060.0,1066.0,997.0
1175.0,1077.0,1084.0,1090.0,1097.0,1104.0,1111.0,1037.0
1225.0,1117.0,1128.0,1135.0,1141.0,1148.0,1155.0,1076.0
1275.0,1156.0,1172.0,1179.0,1186.0,1193.0,1199.0,1115.0
1325.0,1195.0,1216.0,1223.0,1230.0,1237.0,1244.0,1155.0
1375.0,1234.0,1261.0,1268.0,1274.0,1281.0,1288.0,1194.0
1425.0,1274.0,1305.0,1312.0,1319.0,1325.0,1332.0,1233.0
1475.0,1313.0,1349.0,1356.0,1363.0,1370.0,1377.0,1272.0
1525.0,1352.0,1393.0,1400.0,1407.0,1414.0,1421.0,1312.0
1575.0,1392.0,1432.0,1445.0,1452.0,1458.0,1465.0,1351.0
1625.0,1431.0,1471.0,1489.0,1496.0,1503.0,1509.0,1390.0
1675.0,1470.0,1511.0,1533.0,1540.0,1547.0,1554.0,1427.0
1725.0,1510.0,1550.0,1578.0,1584.0,1591.0,1598.0,1464.0
1775.0,1549.0,1589.0,1622.0,1629.0,1636.0,1642.0,1500.0
1825.0,1588.0,1629.0,1666.0,1673.0,1680.0,1687.0,1537.0
1875.0,1627.0,1668.0,1709.0,1717.0,1724.0,1731.0,1574.0
1925.0,1667.0,1707.0,1748.0,1762.0,1768.0,1775.0,1611.0
1975.0,1705.0,1747.0,1787.0,1806.0,1813.0,1820.0,1648.0
2025.0,1742.0,1786.0,1826.0,1850.0,1857.0,1864.0,1684.0
2075.0,1779.0,1825.0,1866.0,1895.0,1901.0,1908.0,1721.0
2125.0,1816.0,1864.0,1905.0,1939.0,1946.0,1952.0,1758.0
2175.0,1852.0,1904.0,1944.0,1983.0,1990.0,1997.0,1795.0
2225.0,1889.0,1943.0,1984.0,2024.0,2034.0,2041.0,1832.0
2275.0,1926.0,1982.0,2023.0,2063.0,2079.0,2085.0,1868.0
2325.0,1963.0,2020.0,2062.0,2103.0,2123.0,2130.0,1905.0
2375.0,2000.0,2057.0,2102.0,2142.0,2167.0,2174.0,1942.0
2425.0,2036.0,2094.0,2141.0,2181.0,2211.0,2218.0,1979.0
2475.0,2073.0,2131.0,2180.0,2221.0,2256.0,2263.0,2016.0
2525.0,2110.0,2167.0,2219.0,2260.0,2300.0,2307.0,2052.0
2575.0,2147.0,2204.0,2259.0,2299.0,2340.0,2351.0,2089.0
2625.0,2184.0,2241.0,2298.0,2339.0,2379.0,2395.0,2126.0
2675.0,2220.0,2278.0,2335.0,2378.0,2418.0,2440.0,2163.0
2725.0,2257.0,2315.0,2372.0,2417.0,2458.0,2484.0,2200.0
2775.0,2294.0,2351.0,2409.0,2456.0,2497.0,2528.0,2236.0
2825.0,2331.0,2388.0,2446.0,2496.0,2536.0,2573.0,2273.0
2875.0,2368.0,2425.0,2482.0,2535.0,2576.0,2616.0,2310.0
2925.0,2404.0,2462.0,2519.0,2574.0,2615.0,2655.0,2347.0
2975.0,2441.0,2499.0,2556.0,2613.0,2654.0,2695.0,2384.0
3025.0,2478.0,2535.0,2593.0,2650.0,2694.0,2734.0,2420.0
3075.0,2515.0,2572.0,2630.0,2687.0,2733.0,2773.0,2457.0
3125.0,2552.0,2609.0,2666.0,2724.0,2772.0,2813.0,2494.0
3175.0,2588.0,2646.0,2703.0,2761.0,2811.0,2852.0,2531.0
3225.0,2625.0,2683.0,2740.0,2797.0,2851.0,2891.0,2568.0
3275.0,2662.0,2719.0,2777.0,2834.0,2890.0,2931.0,2604.0
3325.0,2699.0,2756.0,2814.0,2871.0,2928.0,2970.0,2641.0
3375.0,2736.0,2793.0,2850.0,2908.0,2965.0,3009.0,2678.0
3425.0,2772.0,2830.0,2887.0,2945.0,3002.0,3048.0,2715.0
3475.0,2809.0,2867.0,2924.0,2981.0,3039.0,3088.0,2752.0
3525.0,2846.0,2903.0,2961.0,3018.0,3076.0,3127.0,2788.0
3575.0,2883.0,2940.0,2998.0,3055.0,3112.0,3166.0,2825.0
3625.0,2920.0,2977.0,3034.0,3092.0,3149.0,3206.0,2862.0
3675.0,2956.0,3014.0,3071.0,3129.0,3186.0,3243.0,2899.0
3725.0,2993.0,3051.0,3108.0,3165.0,3223.0,3280.0,2936.0
3775.0,3030.0,3087.0,3145.0,3202.0,3260.0,3317.0,2972.0
3825.0,3067.0,3124.0,3182.0,3239.0,3296.0,3354.0,3009.0
3875.0,3104.0,3161.0,3218.0,3276.0,3333.0,3391.0,3046.0
3925.0,3140.0,3198.0,3255.0,3313.0,3370.0,3427.0,3083.0
3975.0,3177.0,3235.0,3292.0,3349.0,3407.0,3464.0,3120.0
4025.0,3214.0,3271.0,3329.0,3386.0,3444.0,3501.0,3154.0
4075.0,3251.0,3308.0,3366.0,3423.0,3480.0,3538.0,3186.0
4125.0,3288.0,3345.0,3402.0,3460.0,3517.0,3575.0,3218.0
4175.0,3324.0,3382.0,3439.0,3497.0,3554.0,3611.0,3250.0
4225.0,3361.0,3419.0,3476.0,3533.0,3591.0,3648.0,3282.0
4275.0,3398.0,3455.0,3513.0,3570.0,3628.0,3685.0,3313.0
4325.0,3435.0,3492.0,3550.0,3607.0,3664.0,3722.0,3345.0
4375.0,3468.0,3529.0,3586.0,3644.0,3701.0,3759.0,3377.0
4425.0,3500.0,3566.0,3623.0,3681.0,3738.0,3795.0,3409.0
4475.0,3532.0,3603.0,3660.0,3717.0,3775.0,3832.0,3441.0
4525.0,3564.0,3639.0,3697.0,3754.0,3812.0,3869.0,3472.0
4575.0,3595.0,3676.0,3734.0,3791.0,3848.0,3906.0,3504.0
4625.0,3627.0,3713.0,3770.0,3828.0,3885.0,3943.0,3536.0
4675.0,3659.0,3750.0,3807.0,3865.0,3922.0,3979.0,3568.0
4725.0,3691.0,3782.0,3844.0,3901.0,3959.0,4016.0,3600.0
4775.0,3723.0,3814.0,3881.0,3938.0,3996.0,4053.0,3631.0
4825.0,3754.0,3846.0,3918.0,3975.0,4032.0,4090.0,3663.0
4875.0,3786.0,3877.0,3954.0,4012.0,4069.0,4127.0,3695.0
4925.0,3818.0,3909.0,3991.0,4049.0,4106.0,4163.0,3727.0
4975.0,3850.0,3941.0,4028.0,4085.0,4143.0,4200.0,3759.0
5025.0,3882.0,3973.0,4064.0,4122.0,4180.0,4237.0,3790.0
5075.0,3913.0,4005.0,4096.0,4159.0,4216.0,4274.0,3822.0
5125.0,3945.0,4036.0,4128.0,4196.0,4253.0,4311.0,3854.0
5175.0,3977.0,4068.0,4159.0,4233.0,4290.0,4347.0,3886.0
5225.0,4009.0,4100.0,4191.0,4269.0,4327.0,4384.0,3918.0
5275.0,4041.0,4132.0,4223.0,4306.0,4364.0,4421.0,3949.0
5325.0,4072.0,4164.0,4255.0,4343.0,4400.0,4458.0,3981.0
5375.0,4104.0,4195.0,4287.0,4378.0,4437.0,4495.0,4013.0
5425.0,4136.0,4227.0,4318.0,4409.0,4474.0,4531.0,4045.0
5475.0,4168.0,4259.0,4350.0,4441.0,4511.0,4568.0,4077.0
5525.0,4200.0,4291.0,4382.0,4473.0,4548.0,4605.0,4108.0
5575.0,4231.0,4323.0,4414.0,4505.0,4584.0,4642.0,4140.0
5625.0,4263.0,4354.0,4446.0,4537.0,4621.0,4679.0,4172.0
5675.0,4295.0,4386.0,4477.0,4568.0,4658.0,4715.0,4204.0
5725.0,4327.0,4418.0,4509.0,4600.0,4691.0,4752.0,4236.0
5775.0,4359.0,4450.0,4541.0,4632.0,4723.0,4789.0,4267.0
5825.0,4390.0,4482.0,4573.0,4664.0,4755.0,4826.0,4299.0
5875.0,4422.0,4513.0,4605.0,4696.0,4787.0,4863.0,4331.0
5925.0,4454.0,4545.0,4636.0,4727.0,4819.0,4899.0,4363.0
5975.0,4486.0,4577.0,4668.0,4759.0,4850.0,4936.0,4395.0
6025.0,4518.0,4609.0,4700.0,4791.0,4882.0,4973.0,4426.0
6075.0,4549.0,4641.0,4732.0,4823.0,4914.0,5005.0,4458.0
6125.0,4581.0,4672.0,4764.0,4855.0,4946.0,5037.0,4490.0
6175.0,4613.0,4704.0,4795.0,4886.0,4978.0,5069.0,4522.0
6225.0,4645.0,4736.0,4827.0,4918.0,5009.0,5101.0,4554.0
6275.0,4677.0,4768.0,4859.0,4950.0,5041.0,5132.0,4585.0
6325.0,4708.0,4800.0,4891.0,4982.0,5073.0,5164.0,4617.0
6375.0,4740.0,4831.0,4923.0,5014.0,5105.0,5196.0,4649.0
6425.0,4772.0,4863.0,4954.0,5045.0,5137.0,5228.0,4681.0
6475.0,4804.0,4895.0,4986.0,5077.0,5168.0,5260.0,4713.0
6525.0,4836.0,4927.0,5018.0,5109.0,5200.0,5291.0,4744.0
6575.0,4867.0,4959.0,5050.0,5141.0,5232.0,5323.0,4776.0
6625.0,4899.0,4990.0,5082.0,5173.0,5264.0,5355.0,4808.0
6675.0,4931.0,5022.0,5113.0,5204.0,5296.0,5387.0,4840.0
6725.0,4963.0,5054.0,5145.0,5236.0,5327.0,5419.0,4872.0
6775.0,4995.0,5086.0,5177.0,5268.0,5359.0,5450.0,4903.0
6825.0,5026.0,5118.0,5209.0,5300.0,5391.0,5482.0,4935.0
6875.0,5058.0,5149.0,5241.0,5332.0,5423.0,5514.0,4967.0
6925.0,5090.0,5181.0,5272.0,5363.0,5455.0,5546.0,4999.0
6975.0,5122.0,5213.0,5304.0,5395.0,5486.0,5578.0,5031.0
7025.0,5154.0,5245.0,5336.0,5427.0,5518.0,5609.0,5062.0
7075.0,5185.0,5277.0,5368.0,5459.0,5550.0,5641.0,5094.0
7125.0,5217.0,5308.0,5400.0,5491.0,5582.0,5673.0,5126.0
7175.0,5249.0,5340.0,5431.0,5522.0,5614.0,5705.0,5158.0
7225.0,5281.0,5372.0,5463.0,5554.0,5645.0,5737.0,5190.0
7275.0,5313.0,5404.0,5495.0,5586.0,5677.0,5768.0,5221.0
7325.0,5344.0,5436.0,5527.0,5618.0,5709.0,5800.0,5253.0
7375.0,5376.0,5467.0,5559.0,5650.0,5741.0,5832.0,5285.0
7425.0,5408.0,5499.0,5590.0,5681.0,5773.0,5864.0,5317.0
7475.0,5440.0,5531.0,5622.0,5713.0,5804.0,5896.0,5349.0
7525.0,5472.0,5563.0,5654.0,5745.0,5836.0,5927.0,5380.0
7575.0,5503.0,5595.0,5686.0,5777.0,5868.0,5959.0,5412.0
7625.0,5535.0,5626.0,5718.0,5809.0,5900.0,5991.0,5444.0
7675.0,5567.0,5658.0,5749.0,5840.0,5932.0,6023.0,5476.0
7725.0,5599.0,5690.0,5781.0,5872.0,5963.0,6055.0,5508.0
7775.0,5631.0,5722.0,5813.0,5904.0,5995.0,6086.0,5539.0
7825.0,5662.0,5754.0,5845.0,5936.0,6027.0,6118.0,5571.0
7875.0,5694.0,5785.0,5877.0,5968.0,6059.0,6150.0,5603.0
7925.0,5726.0,5817.0,5908.0,5999.0,6091.0,6182.0,5635.0
7975.0,5758.0,5849.0,5940.0,6031.0,6122.0,6214.0,5667.0
8025.0,5790.0,5881.0,5972.0,6063.0,6154.0,6245.0,5698.0
8075.0,5821.0,5913.0,6004.0,6095.0,6186.0,6277.0,5730.0
8125.0,5853.0,5944.0,6036.0,6127.0,6218.0,6309.0,5762.0
8175.0,5885.0,5976.0,6067.0,6158.0,6250.0,6341.0,5794.0
8225.0,5917.0,6008.0,6099.0,6190.0,6281.0,6373.0,5826.0
8275.0,5949.0,6040.0,6131.0,6222.0,6313.0,6404.0,5857.0
8325.0,5980.0,6072.0,6163.0,6254.0,6345.0,6436.0,5889.0
8375.0,6012.0,6103.0,6195.0,6286.0,6377.0,6468.0,5921.0
8425.0,6044.0,6135.0,6226.0,6317.0,6409.0,6500.0,5953.0
8475.0,6076.0,6167.0,6258.0,6349.0,6440.0,6532.0,5985.0
8525.0,6108.0,6199.0,6290.0,6381.0,6472.0,6563.0,6016.0
8575.0,6139.0,6231.0,6322.0,6413.0,6504.0,6595.0,6046.0
8625.0,6171.0,6262.0,6354.0,6445.0,6536.0,6627.0,6076.0
8675.0,6203.0,6294.0,6385.0,6476.0,6568.0,6659.0,6107.0
8725.0,6235.0,6326.0,6417.0,6508.0,6599.0,6691.0,6137.0
8775.0,6267.0,6358.0,6449.0,6540.0,6631.0,6722.0,6167.0
8825.0,6298.0,6390.0,6481.0,6572.0,6663.0,6754.0,6197.0
8875.0,6329.0,6421.0,6513.0,6604.0,6695.0,6786.0,6228.0
8925.0,6359.0,6453.0,6544.0,6635.0,6727.0,6818.0,6258.0
8975.0,6390.0,6485.0,6576.0,6667.0,6758.0,6850.0,6288.0
9025.0,6420.0,6517.0,6608.0,6699.0,6790.0,6881.0,6319.0
9075.0,6450.0,6549.0,6640.0,6731.0,6822.0,6913.0,6349.0
9125.0,6481.0,6580.0,6672.0,6763.0,6854.0,6945.0,6379.0
9175.0,6511.0,6612.0,6703.0,6794.0,6886.0,6977.0,6410.0
9225.0,6541.0,6642.0,6735.0,6826.0,6917.0,7009.0,6440.0
9275.0,6571.0,6673.0,6767.0,6858.0,6949.0,7040.0,6470.0
9325.0,6602.0,6703.0,6799.0,6890.0,6981.0,7072.0,6500.0
9375.0,6632.0,6733.0,6831.0,6922.0,7013.0,7104.0,6531.0
9425.0,6662.0,6764.0,6862.0,6953.0,7045.0,7136.0,6561.0
9475.0,6693.0,6794.0,6894.0,6985.0,7076.0,7168.0,6591.0
9525.0,6723.0,6824.0,6926.0,7017.0,7108.0,7199.0,6622.0
9575.0,6753.0,6855.0,6956.0,7049.0,7140.0,7231.0,6652.0
9625.0,6784.0,6885.0,6986.0,7081.0,7172.0,7263.0,6682.0
9675.0,6814.0,6915.0,7016.0,7112.0,7204.0,7295.0,6713.0
9725.0,6844.0,6945.0,7047.0,7144.0,7235.0,7327.0,6743.0
9775.0,6874.0,6976.0,7077.0,7176.0,7267.0,7358.0,6773.0
9825.0,6905.0,7006.0,7107.0,7208.0,7299.0,7390.0,6803.0
9875.0,6935.0,7036.0,7138.0,7239.0,7331.0,7422.0,6834.0
9925.0,6965.0,7067.0,7168.0,7269.0,7363.0,7454.0,6864.0
9975.0,6996.0,7097.0,7198.0,7300.0,7394.0,7486.0,6894.0
10025.0,7026.0,7127.0,7229.0,7330.0,7426.0,7517.0,6925.0
10075.0,7056.0,7158.0,7259.0,7360.0,7458.0,7549.0,6955.0
10125.0,7087.0,7188.0,7289.0,7390.0,7490.0,7581.0,6985.0
10175.0,7117.0,7218.0,7319.0,7421.0,7522.0,7613.0,7016.0
10225.0,7147.0,7248.0,7350.0,7451.0,7552.0,7645.0,7046.0
10275.0,7177.0,7279.0,7380.0,7481.0,7583.0,7676.0,7076.0
10325.0,7208.0,7309.0,7410.0,7512.0,7613.0,7708.0,7106.0
10375.0,7238.0,7339.0,7441.0,7542.0,7643.0,7740.0,7137.0
10425.0,7268.0,7370.0,7471.0,7572.0,7674.0,7772.0,7167.0
10475.0,7299.0,7400.0,7501.0,7603.0,7704.0,7804.0,7197.0
10525.0,7329.0,7430.0,7532.0,7633.0,7734.0,7835.0,7228.0
10575.0,7359.0,7461.0,7562.0,7663.0,7764.0,7866.0,7258.0
10625.0,7393.0,7494.0,7595.0,7697.0,7798.0,7899.0,7291.0
10675.0,7426.0,7527.0,7629.0,7730.0,7831.0,7933.0,7325.0
10725.0,7459.0,7561.0,7662.0,7763.0,7865.0,7966.0,7358.0
10775.0,7493.0,7594.0,7695.0,7797.0,7898.0,7999.0,7392.0
10825.0,7526.0,7628.0,7729.0,7830.0,7931.0,8033.0,7425.0
10875.0,7560.0,7661.0,7762.0,7864.0,7965.0,8066.0,7458.0
10925.0,7593.0,7694.0,7796.0,7897.0,7998.0,8100.0,7492.0
10975.0,7626.0,7728.0,7829.0,7930.0,8032.0,8133.0,7525.0
11025.0,7660.0,7761.0,7862.0,7964.0,8065.0,8166.0,7559.0
11075.0,7693.0,7795.0,7896.0,7997.0,8098.0,8200.0,7592.0
11125.0,7727.0,7828.0,7929.0,8031.0,8132.0,8233.0,7625.0
11175.0,7760.0,7861.0,7963.0,8064.0,8165.0,8267.0,7659.0
11225.0,7793.0,7895.0,7996.0,8097.0,8199.0,8300.0,7692.0
11275.0,7827.0,7928.0,8029.0,8131.0,8232.0,8333.0,7726.0
11325.0,7860.0,7962.0,8063.0,8164.0,8265.0,8367.0,7759.0
11375.0,7894.0,7995.0,8096.0,8198.0,8299.0,8400.0,7792.0
11425.0,7927.0,8028.0,8130.0,8231.0,8332.0,8434.0,7826.0
11475.0,7960.0,8062.0,8163.0,8264.0,8366.0,8467.0,7859.0
11525.0,7994.0,8095.0,8196.0,8298.0,8399.0,8500.0,7893.0
11575.0,8027.0,8129.0,8230.0,8331.0,8432.0,8534.0,7926.0
11625.0,8061.0,8162.0,8263.0,8365.0,8466.0,8567.0,7959.0
11675.0,8094.0,8195.0,8297.0,8398.0,8499.0,8601.0,7993.0
11725.0,8127.0,8229.0,8330.0,8431.0,8533.0,8634.0,8026.0
11775.0,8161.0,8262.0,8363.0,8465.0,8566.0,8667.0,8060.0
11825.0,8194.0,8296.0,8397.0,8498.0,8599.0,8701.0,8093.0
11875.0,8228.0,8329.0,8430.0,8532.0,8633.0,8734.0,8126.0
11925.0,8261.0,8362.0,8464.0,8565.0,8666.0,8768.0,8160.0
11975.0,8294.0,8396.0,8497.0,8598.0,8700.0,8801.0,8193.0
12025.0,8328.0,8429.0,8530.0,8632.0,8733.0,8834.0,8227.0
12075.0,8361.0,8463.0,8564.0,8665.0,8766.0,8868.0,8260.0
12125.0,8395.0,8496.0,8597.0,8699.0,8800.0,8901.0,8293.0
12175.0,8428.0,8529.0,8631.0,8732.0,8833.0,8935.0,8327.0
12225.0,8461.0,8563.0,8664.0,8765.0,8867.0,8968.0,8360.0
12275.0,8495.0,8596.0,8697.0,8799.0,8900.0,9001.0,8394.0
12325.0,8528.0,8630.0,8731.0,8832.0,8933.0,9035.0,8427.0
12375.0,8562.0,8663.0,8764.0,8866.0,8967.0,9068.0,8460.0
12425.0,8595.0,8696.0,8798.0,8899.0,9000.0,9102.0,8494.0
12475.0,8628.0,8730.0,8831.0,8932.0,9034.0,9135.0,8527.0
12525.0,8662.0,8763.0,8864.0,8966.0,9067.0,9168.0,8561.0
12575.0,8695.0,8797.0,8898.0,8999.0,9100.0,9202.0,8594.0
12625.0,8729.0,8830.0,8931.0,9033.0,9134.0,9235.0,8627.0
12675.0,8762.0,8863.0,8965.0,9066.0,9167.0,9269.0,8661.0
12725.0,8795.0,8897.0,8998.0,9099.0,9201.0,9302.0,8694.0
12775.0,8829.0,8930.0,9031.0,9133.0,9234.0,9335.0,8728.0
12825.0,8862.0,8964.0,9065.0,9166.0,9267.0,9369.0,8761.0
12875.0,8896.0,8997.0,9098.0,9200.0,9301.0,9402.0,8794.0
12925.0,8929.0,9030.0,9132.0,9233.0,9334.0,9436.0,8828.0
12975.0,8962.0,9064.0,9165.0,9266.0,9368.0,9469.0,8861.0
13025.0,8996.0,9097.0,9198.0,9300.0,9401.0,9502.0,8895.0
13075.0,9029.0,9131.0,9232.0,9333.0,9434.0,9536.0,8928.0
13125.0,9063.0,9164.0,9265.0,9367.0,9468.0,9569.0,8961.0
13175.0,9096.0,9197.0,9299.0,9400.0,9501.0,9603.0,8995.0
13225.0,9129.0,9231.0,9332.0,9433.0,9535.0,9636.0,9028.0
13275.0,9163.0,9264.0,9365.0,9467.0,9568.0,9669.0,9062.0
13325.0,9196.0,9298.0,9399.0,9500.0,9601.0,9703.0,9095.0
13375.0,9230.0,9331.0,9432.0,9534.0,9635.0,9736.0,9128.0
13425.0,9263.0,9364.0,9466.0,9567.0,9668.0,9770.0,9162.0
13475.0,9296.0,9398.0,9499.0,9600.0,9702.0,9803.0,9195.0
13525.0,9330.0,9431.0,9532.0,9634.0,9735.0,9836.0,9229.0
13575.0,9363.0,9465.0,9566.0,9667.0,9768.0,9870.0,9262.0
13625.0,9397.0,9498.0,9599.0,9701.0,9802.0,9903.0,9295.0
13675.0,9430.0,9531.0,9633.0,9734.0,9835.0,9937.0,9329.0
13725.0,9463.0,9565.0,9666.0,9767.0,9869.0,9970.0,9362.0
13775.0,9497.0,9598.0,9699.0,9801.0,9902.0,10003.0,9396.0
13825.0,9530.0,9632.0,9733.0,9834.0,9935.0,10037.0,9429.0
13875.0,9564.0,9665.0,9766.0,9868.0,9969.0,10070.0,9462.0
13925.0,9597.0,9698.0,9800.0,9901.0,10002.0,10104.0,9496.0
13975.0,9630.0,9732.0,9833.0,9934.0,10036.0,10137.0,9529.0
14025.0,9664.0,9765.0,9866.0,9968.0,10069.0,10170.0,9563.0
14075.0,9697.0,9799.0,9900.0,10001.0,10102.0,10204.0,9596.0
14125.0,9731.0,9832.0,9933.0,10035.0,10136.0,10237.0,9629.0
14175.0,9764.0,9865.0,9967.0,10068.0,10169.0,10271.0,9663.0
14225.0,9797.0,9899.0,10000.0,10101.0,10203.0,10304.0,9696.0
14275.0,9831.0,9932.0,10033.0,10135.0,10236.0,10337.0,9730.0
14325.0,9864.0,9966.0,10067.0,10168.0,10269.0,10371.0,9763.0
14375.0,9898.0,9999.0,10100.0,10202.0,10303.0,10404.0,9796.0
14425.0,9931.0,10032.0,10134.0,10235.0,10336.0,10438.0,9830.0
14475.0,9964.0,10066.0,10167.0,10268.0,10370.0,10471.0,9863.0
14525.0,9998.0,10099.0,10200.0,10302.0,10403.0,10504.0,9897.0
14575.0,10031.0,10133.0,10234.0,10335.0,10436.0,10538.0,9930.0
14625.0,10065.0,10166.0,10267.0,10369.0,10470.0,10571.0,9963.0
14675.0,10098.0,10199.0,10301.0,10402.0,10503.0,10605.0,9997.0
14725.0,10131.0,10233.0,10334.0,10435.0,10537.0,10638.0,10030.0
14775.0,10165.0,10266.0,10367.0,10469.0,10570.0,10671.0,10064.0
14825.0,10198.0,10300.0,10401.0,10502.0,10603.0,10705.0,10097.0
14875.0,10232.0,10333.0,10434.0,10536.0,10637.0,10738.0,10130.0
14925.0,10265.0,10366.0,10468.0,10569.0,10670.0,10772.0,10164.0
14975.0,10298.0,10400.0,10501.0,10602.0,10704.0,10805.0,10197.0
15025.0,10332.0,10433.0,10534.0,10636.0,10737.0,10838.0,10231.0
15075.0,10365.0,10467.0,10568.0,10669.0,10770.0,10872.0,10264.0
15125.0,10399.0,10500.0,10601.0,10703.0,10804.0,10905.0,10297.0
15175.0,10432.0,10533.0,10635.0,10736.0,10837.0,10939.0,10331.0
15225.0,10465.0,10567.0,10668.0,10769.0,10871.0,10972.0,10364.0
15275.0,10499.0,10600.0,10701.0,10803.0,10904.0,11005.0,10398.0
15325.0,10532.0,10634.0,10735.0,10836.0,10937.0,11039.0,10431.0
15375.0,10566.0,10667.0,10768.0,10870.0,10971.0,11072.0,10464.0
15425.0,10599.0,10700.0,10802.0,10903.0,11004.0,11106.0,10498.0
15475.0,10632.0,10734.0,10835.0,10936.0,11038.0,11139.0,10531.0
15525.0,10666.0,10767.0,10868.0,10970.0,11071.0,11172.0,10565.0
15575.0,10699.0,10801.0,10902.0,11003.0,11104.0,11206.0,10598.0
15625.0,10733.0,10834.0,10935.0,11037.0,11138.0,11239.0,10631.0
15675.0,10766.0,10867.0,10969.0,11070.0,11171.0,11273.0,10665.0
15725.0,10799.0,10901.0,11002.0,11103.0,11205.0,11306.0,10698.0
15775.0,10833.0,10934.0,11035.0,11137.0,11238.0,11339.0,10732.0
15825.0,10866.0,10968.0,11069.0,11170.0,11271.0,11373.0,10765.0
15875.0,10900.0,11001.0,11102.0,11204.0,11305.0,11406.0,10798.0
15925.0,10933.0,11034.0,11136.0,11237.0,11338.0,11440.0,10832.0
15975.0,10966.0,11068.0,11169.0,11270.0,11372.0,11473.0,10865.0
16025.0,11000.0,11101.0,11202.0,11304.0,11405.0,11506.0,10899.0
16075.0,11033.0,11135.0,11236.0,11337.0,11438.0,11540.0,10932.0
16125.0,11067.0,11168.0,11269.0,11371.0,11472.0,11573.0,10965.0
16175.0,11100.0,11201.0,11303.0,11404.0,11505.0,11607.0,10999.0
16225.0,11133.0,11235.0,11336.0,11437.0,11539.0,11640.0,11032.0
16275.0,11167.0,11268.0,11369.0,11471.0,11572.0,11673.0,11066.0
16325.0,11200.0,11302.0,11403.0,11504.0,11605.0,11707.0,11099.0
16375.0,11234.0,11335.0,11436.0,11538.0,11639.0,11740.0,11132.0
16425.0,11267.0,11368.0,11470.0,11571.0,11672.0,11774.0,11166.0
16475.0,11300.0,11402.0,11503.0,11604.0,11706.0,11807.0,11199.0
16525.0,11334.0,11435.0,11536.0,11638.0,11739.0,11840.0,11233.0
16575.0,11367.0,11469.0,11570.0,11671.0,11772.0,11874.0,11266.0
16625.0,11401.0,11502.0,11603.0,11705.0,11806.0,11907.0,11299.0
16675.0,11434.0,11535.0,11636.0,11738.0,11839.0,11940.0,11332.0
16725.0,11467.0,11568.0,11669.0,11771.0,11872.0,11973.0,11365.0
16775.0,11500.0,11601.0,11702.0,11804.0,11905.0,12006.0,11398.0
16825.0,11533.0,11634.0,11735.0,11836.0,11938.0,12039.0,11431.0
16875.0,11566.0,11667.0,11768.0,11869.0,11971.0,12072.0,11461.0
16925.0,11598.0,11700.0,11801.0,11902.0,12004.0,12105.0,11492.0
16975.0,11631.0,11733.0,11834.0,11935.0,12037.0,12138.0,11522.0
17025.0,11664.0,11766.0,11867.0,11968.0,12070.0,12171.0,11552.0
17075.0,11697.0,11799.0,11900.0,12001.0,12103.0,12204.0,11583.0
17125.0,11730.0,11832.0,11933.0,12034.0,12135.0,12237.0,11613.0
17175.0,11762.0,11865.0,11966.0,12067.0,12168.0,12270.0,11644.0
17225.0,11792.0,11897.0,11999.0,12100.0,12201.0,12303.0,11674.0
17275.0,11823.0,11930.0,12032.0,12133.0,12234.0,12336.0,11705.0
17325.0,11853.0,11963.0,12065.0,12166.0,12267.0,12369.0,11735.0
17375.0,11884.0,11996.0,12098.0,12199.0,12300.0,12402.0,11766.0
17425.0,11914.0,12029.0,12131.0,12232.0,12333.0,12434.0,11796.0
17475.0,11945.0,12062.0,12164.0,12265.0,12366.0,12467.0,11827.0
17525.0,11975.0,12093.0,12196.0,12298.0,12399.0,12500.0,11857.0
17575.0,12006.0,12124.0,12229.0,12331.0,12432.0,12533.0,11887.0
17625.0,12036.0,12154.0,12262.0,12364.0,12465.0,12566.0,11918.0
17675.0,12067.0,12185.0,12295.0,12397.0,12498.0,12599.0,11948.0
17725.0,12097.0,12215.0,12328.0,12430.0,12531.0,12632.0,11979.0
17775.0,12127.0,12246.0,12361.0,12463.0,12564.0,12665.0,12009.0
17825.0,12158.0,12276.0,12394.0,12495.0,12597.0,12698.0,12040.0
17875.0,12188.0,12306.0,12425.0,12528.0,12630.0,12731.0,12070.0
17925.0,12219.0,12337.0,12455.0,12561.0,12663.0,12764.0,12101.0
17975.0,12249.0,12367.0,12486.0,12594.0,12696.0,12797.0,12131.0
18025.0,12280.0,12398.0,12516.0,12627.0,12729.0,12830.0,12161.0
18075.0,12310.0,12428.0,12546.0,12660.0,12762.0,12863.0,12192.0
18125.0,12341.0,12459.0,12577.0,12693.0,12794.0,12896.0,12222.0
18175.0,12371.0,12489.0,12607.0,12726.0,12827.0,12929.0,12253.0
18225.0,12401.0,12520.0,12638.0,12756.0,12860.0,12962.0,12283.0
18275.0,12432.0,12550.0,12668.0,12786.0,12893.0,12995.0,12314.0
18325.0,12462.0,12581.0,12699.0,12817.0,12926.0,13028.0,12344.0
18375.0,12493.0,12611.0,12729.0,12847.0,12959.0,13061.0,12375.0
18425.0,12523.0,12641.0,12760.0,12878.0,12992.0,13093.0,12405.0
18475.0,12554.0,12672.0,12790.0,12908.0,13025.0,13126.0,12436.0
18525.0,12584.0,12702.0,12821.0,12939.0,13057.0,13159.0,12466.0
18575.0,12615.0,12733.0,12851.0,12969.0,13087.0,13192.0,12496.0
18625.0,12645.0,12763.0,12881.0,13000.0,13118.0,13225.0,12527.0
18675.0,12676.0,12794.0,12912.0,13030.0,13148.0,13258.0,12557.0
18725.0,12706.0,12824.0,12942.0,13060.0,13179.0,13291.0,12588.0
18775.0,12736.0,12855.0,12973.0,13091.0,13209.0,13324.0,12618.0
18825.0,12767.0,12885.0,13003.0,13121.0,13240.0,13357.0,12649.0
18875.0,12797.0,12915.0,13034.0,13152.0,13270.0,13388.0,12679.0
18925.0,12828.0,12946.0,13064.0,13182.0,13300.0,13419.0,12710.0
18975.0,12858.0,12976.0,13095.0,13213.0,13331.0,13449.0,12740.0
19025.0,12889.0,13007.0,13125.0,13243.0,13361.0,13480.0,12770.0
19075.0,12919.0,13037.0,13155.0,13274.0,13392.0,13510.0,12801.0
19125.0,12950.0,13068.0,13186.0,13304.0,13422.0,13540.0,12831.0
19175.0,12980.0,13098.0,13216.0,13335.0,13453.0,13571.0,12862.0
19225.0,13010.0,13129.0,13247.0,13365.0,13483.0,13601.0,12892.0
19275.0,13041.0,13159.0,13277.0,13395.0,13514.0,13632.0,12923.0
19325.0,13071.0,13190.0,13308.0,13426.0,13544.0,13662.0,12953.0
19375.0,13102.0,13220.0,13338.0,13456.0,13575.0,13693.0,12984.0
19425.0,13132.0,13250.0,13369.0,13487.0,13605.0,13723.0,13014.0
19475.0,13163.0,13281.0,13399.0,13517.0,13635.0,13754.0,13045.0
19525.0,13193.0,13311.0,13430.0,13548.0,13666.0,13784.0,13075.0
19575.0,13224.0,13342.0,13460.0,13578.0,13696.0,13814.0,13105.0
19625.0,13254.0,13372.0,13490.0,13609.0,13727.0,13845.0,13136.0
19675.0,13285.0,13403.0,13521.0,13639.0,13757.0,13875.0,13166.0
19725.0,13315.0,13433.0,13551.0,13669.0,13788.0,13906.0,13197.0
19775.0,13345.0,13464.0,13582.0,13700.0,13818.0,13936.0,13227.0
19825.0,13376.0,13494.0,13612.0,13730.0,13849.0,13967.0,13258.0
19875.0,13406.0,13524.0,13643.0,13761.0,13879.0,13997.0,13288.0
19925.0,13437.0,13555.0,13673.0,13791.0,13909.0,14028.0,13319.0
19975.0,13467.0,13585.0,13704.0,13822.0,13940.0,14058.0,13349.0
20025.0,13498.0,13616.0,13734.0,13852.0,13970.0,14089.0,13379.0
20075.0,13528.0,13646.0,13764.0,13883.0,14001.0,14119.0,13410.0
20125.0,13559.0,13677.0,13795.0,13913.0,14031.0,14149.0,13440.0
20175.0,13589.0,13707.0,13825.0,13944.0,14062.0,14180.0,13471.0
20225.0,13619.0,13738.0,13856.0,13974.0,14092.0,14210.0,13501.0
20275.0,13650.0,13768.0,13886.0,14004.0,14123.0,14241.0,13532.0
20325.0,13680.0,13799.0,13917.0,14035.0,14153.0,14271.0,13562.0
20375.0,13711.0,13829.0,13947.0,14065.0,14184.0,14302.0,13593.0
20425.0,13741.0,13859.0,13978.0,14096.0,14214.0,14332.0,13623.0
20475.0,13772.0,13890.0,14008.0,14126.0,14244.0,14363.0,13654.0
20525.0,13802.0,13920.0,14039.0,14157.0,14275.0,14393.0,13684.0
20575.0,13833.0,13951.0,14069.0,14187.0,14305.0,14423.0,13714.0
20625.0,13863.0,13981.0,14099.0,14218.0,14336.0,14454.0,13745.0
20675.0,13894.0,14012.0,14130.0,14248.0,14366.0,14484.0,13775.0
20725.0,13924.0,14042.0,14160.0,14278.0,14397.0,14515.0,13806.0
20775.0,13954.0,14073.0,14191.0,14309.0,14427.0,14545.0,13836.0
20825.0,13985.0,14103.0,14221.0,14339.0,14458.0,14576.0,13867.0
20875.0,14015.0,14133.0,14252.0,14370.0,14488.0,14606.0,13897.0
20925.0,14046.0,14164.0,14282.0,14400.0,14518.0,14637.0,13928.0
20975.0,14076.0,14194.0,14313.0,14431.0,14549.0,14667.0,13958.0
21025.0,14107.0,14225.0,14343.0,14461.0,14579.0,14698.0,13988.0
21075.0,14137.0,14255.0,14373.0,14492.0,14610.0,14728.0,14019.0
21125.0,14168.0,14286.0,14404.0,14522.0,14640.0,14758.0,14049.0
21175.0,14198.0,14316.0,14434.0,14553.0,14671.0,14789.0,14080.0
21225.0,14228.0,14347.0,14465.0,14583.0,14701.0,14819.0,14110.0
21275.0,14259.0,14377.0,14495.0,14613.0,14732.0,14850.0,14141.0
21325.0,14289.0,14408.0,14526.0,14644.0,14762.0,14880.0,14171.0
21375.0,14320.0,14438.0,14556.0,14674.0,14793.0,14911.0,14202.0
21425.0,14350.0,14468.0,14587.0,14705.0,14823.0,14941.0,14232.0
21475.0,14381.0,14499.0,14617.0,14735.0,14853.0,14972.0,14263.0
21525.0,14411.0,14529.0,14648.0,14766.0,14884.0,15002.0,14293.0
21575.0,14442.0,14560.0,14678.0,14796.0,14914.0,15032.0,14323.0
21625.0,14472.0,14590.0,14708.0,14827.0,14945.0,15063.0,14354.0
21675.0,14503.0,14621.0,14739.0,14857.0,14975.0,15093.0,14384.0
21725.0,14533.0,14651.0,14769.0,14887.0,15006.0,15124.0,14415.0
21775.0,14563.0,14682.0,14800.0,14918.0,15036.0,15154.0,14445.0
21825.0,14594.0,14712.0,14830.0,14948.0,15067.0,15185.0,14476.0
21875.0,14624.0,14742.0,14861.0,14979.0,15097.0,15215.0,14506.0
21925.0,14655.0,14773.0,14891.0,15009.0,15127.0,15246.0,14537.0
21975.0,14685.0,14803.0,14922.0,15040.0,15158.0,15276.0,14567.0
22025.0,14716.0,14834.0,14952.0,15070.0,15188.0,15307.0,14597.0
22075.0,14746.0,14864.0,14982.0,15101.0,15219.0,15337.0,14628.0
22125.0,14777.0,14895.0,15013.0,15131.0,15249.0,15367.0,14658.0
22175.0,14807.0,14925.0,15043.0,15162.0,15280.0,15398.0,14689.0
22225.0,14837.0,14956.0,15074.0,15192.0,15310.0,15428.0,14719.0
22275.0,14868.0,14986.0,15104.0,15222.0,15341.0,15459.0,14750.0
22325.0,14898.0,15017.0,15135.0,15253.0,15371.0,15489.0,14780.0
22375.0,14929.0,15047.0,15165.0,15283.0,15402.0,15520.0,14811.0
22425.0,14959.0,15077.0,15196.0,15314.0,15432.0,15550.0,14841.0
22475.0,14990.0,15108.0,15226.0,15344.0,15462.0,15581.0,14872.0
22525.0,15020.0,15138.0,15257.0,15375.0,15493.0,15611.0,14902.0
22575.0,15051.0,15169.0,15287.0,15405.0,15523.0,15641.0,14932.0
22625.0,15081.0,15199.0,15317.0,15436.0,15554.0,15672.0,14963.0
22675.0,15112.0,15230.0,15348.0,15466.0,15584.0,15702.0,14993.0
22725.0,15142.0,15260.0,15378.0,15496.0,15615.0,15733.0,15024.0
22775.0,15172.0,15291.0,15409.0,15527.0,15645.0,15763.0,15054.0
22825.0,15203.0,15321.0,15439.0,15557.0,15676.0,15794.0,15085.0
22875.0,15233.0,15351.0,15470.0,15588.0,15706.0,15824.0,15115.0
22925.0,15264.0,15382.0,15500.0,15618.0,15736.0,15855.0,15146.0
22975.0,15294.0,15412.0,15531.0,15649.0,15767.0,15885.0,15176.0
23025.0,15325.0,15443.0,15561.0,15679.0,15797.0,15916.0,15206.0
23075.0,15355.0,15473.0,15591.0,15710.0,15828.0,15946.0,15237.0
23125.0,15386.0,15504.0,15622.0,15740.0,15858.0,15976.0,15267.0
23175.0,15416.0,15534.0,15652.0,15771.0,15889.0,16007.0,15298.0
23225.0,15446.0,15565.0,15683.0,15801.0,15919.0,16037.0,15328.0
23275.0,15477.0,15595.0,15713.0,15831.0,15950.0,16068.0,15359.0
23325.0,15507.0,15626.0,15744.0,15862.0,15980.0,16098.0,15389.0
23375.0,15538.0,15656.0,15774.0,15892.0,16011.0,16129.0,15420.0
23425.0,15568.0,15686.0,15805.0,15923.0,16041.0,16159.0,15450.0
23475.0,15599.0,15717.0,15835.0,15953.0,16071.0,16190.0,15481.0
23525.0,15629.0,15747.0,15866.0,15984.0,16102.0,16220.0,15511.0
23575.0,15660.0,15778.0,15896.0,16014.0,16132.0,16250.0,15541.0
23625.0,15690.0,15808.0,15926.0,16045.0,16163.0,16281.0,15572.0
23675.0,15721.0,15839.0,15957.0,16075.0,16193.0,16311.0,15602.0
23725.0,15751.0,15869.0,15987.0,16105.0,16224.0,16342.0,15633.0
23775.0,15781.0,15900.0,16018.0,16136.0,16254.0,16372.0,15663.0
23825.0,15812.0,15930.0,16048.0,16166.0,16285.0,16403.0,15694.0
23875.0,15842.0,15960.0,16079.0,16197.0,16315.0,16433.0,15724.0
23925.0,15873.0,15991.0,16109.0,16227.0,16345.0,16464.0,15755.0
23975.0,15903.0,16021.0,16140.0,16258.0,16376.0,16494.0,15785.0
24025.0,15934.0,16052.0,16170.0,16288.0,16406.0,16525.0,15815.0
24075.0,15964.0,16082.0,16200.0,16319.0,16437.0,16555.0,15846.0
24125.0,15995.0,16113.0,16231.0,16349.0,16467.0,16585.0,15876.0
24175.0,16025.0,16143.0,16261.0,16380.0,16498.0,16616.0,15907.0
24225.0,16055.0,16174.0,16292.0,16410.0,16528.0,16646.0,15937.0
24275.0,16086.0,16204.0,16322.0,16440.0,16559.0,16677.0,15968.0
24325.0,16116.0,16235.0,16353.0,16471.0,16589.0,16707.0,15998.0
24375.0,16147.0,16265.0,16383.0,16501.0,16620.0,16738.0,16029.0
24425.0,16177.0,16295.0,16414.0,16532.0,16650.0,16768.0,16059.0
24475.0,16208.0,16326.0,16444.0,16562.0,16680.0,16799.0,16090.0
24525.0,16238.0,16356.0,16475.0,16593.0,16711.0,16829.0,16120.0
24575.0,16269.0,16387.0,16505.0,16623.0,16741.0,16859.0,16150.0
24625.0,16299.0,16417.0,16535.0,16654.0,16772.0,16890.0,16181.0
24675.0,16330.0,16448.0,16566.0,16684.0,16802.0,16920.0,16211.0
24725.0,16360.0,16478.0,16596.0,16714.0,16833.0,16951.0,16242.0
24775.0,16390.0,16509.0,16627.0,16745.0,16863.0,16981.0,16272.0
24825.0,16421.0,16539.0,16657.0,16775.0,16894.0,17012.0,16303.0
24875.0,16451.0,16569.0,16688.0,16806.0,16924.0,17042.0,16333.0
24925.0,16482.0,16600.0,16718.0,16836.0,16954.0,17073.0,16364.0
24975.0,16512.0,16630.0,16749.0,16867.0,16985.0,17103.0,16394.0
25025.0,16543.0,16661.0,16779.0,16897.0,17015.0,17134.0,16424.0
25075.0,16573.0,16691.0,16809.0,16928.0,17046.0,17164.0,16455.0
25125.0,16604.0,16722.0,16840.0,16958.0,17076.0,17194.0,16485.0
25175.0,16634.0,16752.0,16870.0,16989.0,17107.0,17225.0,16516.0
25225.0,16664.0,16783.0,16901.0,17019.0,17137.0,17255.0,16546.0
25275.0,16695.0,16813.0,16931.0,17049.0,17168.0,17286.0,16577.0
25325.0,16725.0,16844.0,16962.0,17080.0,17198.0,17316.0,16607.0
25375.0,16756.0,16874.0,16992.0,17110.0,17229.0,17347.0,16638.0
25425.0,16786.0,16904.0,17023.0,17141.0,17259.0,17377.0,16668.0
25475.0,16817.0,16935.0,17053.0,17171.0,17289.0,17408.0,16699.0
25525.0,16847.0,16965.0,17084.0,17202.0,17320.0,17438.0,16729.0
25575.0,16878.0,16996.0,17114.0,17232.0,17350.0,17468.0,16759.0
25625.0,16908.0,17026.0,17144.0,17263.0,17381.0,17499.0,16790.0
25675.0,16939.0,17057.0,17175.0,17293.0,17411.0,17529.0,16820.0
25725.0,16969.0,17087.0,17205.0,17323.0,17442.0,17560.0,16851.0
25775.0,16999.0,17118.0,17236.0,17354.0,17472.0,17590.0,16881.0
25825.0,17030.0,17148.0,17266.0,17384.0,17503.0,17621.0,16912.0
25875.0,17060.0,17178.0,17297.0,17415.0,17533.0,17651.0,16942.0
25925.0,17091.0,17209.0,17327.0,17445.0,17563.0,17682.0,16973.0
25975.0,17121.0,17239.0,17358.0,17476.0,17594.0,17712.0,17003.0
26025.0,17152.0,17270.0,17388.0,17506.0,17624.0,17743.0,17033.0
26075.0,17182.0,17300.0,17418.0,17537.0,17655.0,17773.0,17064.0
26125.0,17213.0,17331.0,17449.0,17567.0,17685.0,17803.0,17094.0
26175.0,17243.0,17361.0,17479.0,17598.0,17716.0,17834.0,17125.0
26225.0,17273.0,17392.0,17510.0,17628.0,17746.0,17864.0,17155.0
26275.0,17304.0,17422.0,17540.0,17658.0,17777.0,17895.0,17186.0
26325.0,17334.0,17453.0,17571.0,17689.0,17807.0,17925.0,17216.0
26375.0,17365.0,17483.0,17601.0,17719.0,17838.0,17956.0,17247.0
26425.0,17395.0,17513.0,17632.0,17750.0,17868.0,17986.0,17277.0
26475.0,17426.0,17544.0,17662.0,17780.0,17898.0,18017.0,17308.0
26525.0,17456.0,17574.0,17693.0,17811.0,17929.0,18047.0,17338.0
26575.0,17487.0,17605.0,17723.0,17841.0,17959.0,18077.0,17368.0
26625.0,17517.0,17635.0,17753.0,17872.0,17990.0,18108.0,17399.0
26675.0,17548.0,17666.0,17784.0,17902.0,18020.0,18138.0,17429.0
26725.0,17578.0,17696.0,17814.0,17932.0,18051.0,18169.0,17460.0
26775.0,17608.0,17727.0,17845.0,17963.0,18081.0,18199.0,17490.0
26825.0,17639.0,17757.0,17875.0,17993.0,18112.0,18230.0,17521.0
26875.0,17669.0,17787.0,17906.0,18024.0,18142.0,18260.0,17551.0
26925.0,17700.0,17818.0,17936.0,18054.0,18172.0,18291.0,17582.0
26975.0,17730.0,17848.0,17967.0,18085.0,18203.0,18321.0,17612.0
27025.0,17761.0,17879.0,17997.0,18115.0,18233.0,18352.0,17642.0
27075.0,17791.0,17909.0,18027.0,18146.0,18264.0,18382.0,17673.0
27125.0,17822.0,17940.0,18058.0,18176.0,18294.0,18412.0,17703.0
27175.0,17852.0,17970.0,18088.0,18207.0,18325.0,18443.0,17734.0
27225.0,17882.0,18001.0,18119.0,18237.0,18355.0,18473.0,17764.0
27275.0,17913.0,18031.0,18149.0,18267.0,18386.0,18504.0,17795.0
27325.0,17943.0,18062.0,18180.0,18298.0,18416.0,18534.0,17825.0
27375.0,17974.0,18092.0,18210.0,18328.0,18447.0,18565.0,17856.0
27425.0,18004.0,18122.0,18241.0,18359.0,18477.0,18595.0,17886.0
27475.0,18035.0,18153.0,18271.0,18389.0,18507.0,18626.0,17917.0
27525.0,18065.0,18183.0,18302.0,18420.0,18538.0,18656.0,17947.0
27575.0,18096.0,18214.0,18332.0,18450.0,18568.0,18686.0,17977.0
27625.0,18126.0,18244.0,18362.0,18481.0,18599.0,18717.0,18008.0
27675.0,18157.0,18275.0,18393.0,18511.0,18629.0,18747.0,18038.0
27725.0,18187.0,18305.0,18423.0,18541.0,18660.0,18778.0,18069.0
27775.0,18217.0,18336.0,18454.0,18572.0,18690.0,18808.0,18099.0
27825.0,18248.0,18366.0,18484.0,18602.0,18721.0,18839.0,18130.0
27875.0,18278.0,18396.0,18515.0,18633.0,18751.0,18869.0,18160.0
27925.0,18309.0,18427.0,18545.0,18663.0,18781.0,18900.0,18191.0
27975.0,18339.0,18457.0,18576.0,18694.0,18812.0,18930.0,18221.0
28025.0,18370.0,18488.0,18606.0,18724.0,18842.0,18961.0,18251.0
28075.0,18400.0,18518.0,18636.0,18755.0,18873.0,18991.0,18282.0
28125.0,18431.0,18549.0,18667.0,18785.0,18903.0,19021.0,18312.0
28175.0,18461.0,18579.0,18697.0,18816.0,18934.0,19052.0,18343.0
28225.0,18491.0,18610.0,18728.0,18846.0,18964.0,19082.0,18373.0
28275.0,18522.0,18640.0,18758.0,18876.0,18995.0,19113.0,18404.0
28325.0,18552.0,18671.0,18789.0,18907.0,19025.0,19143.0,18434.0
28375.0,18583.0,18701.0,18819.0,18937.0,19056.0,19174.0,18465.0
28425.0,18613.0,18731.0,18850.0,18968.0,19086.0,19204.0,18495.0
28475.0,18644.0,18762.0,18880.0,18998.0,19116.0,19235.0,18526.0
28525.0,18674.0,18792.0,18911.0,19029.0,19147.0,19265.0,18556.0
28575.0,18705.0,18823.0,18941.0,19059.0,19177.0,19295.0,18586.0
28625.0,18735.0,18853.0,18971.0,19090.0,19208.0,19326.0,18617.0
28675.0,18766.0,18884.0,19002.0,19120.0,19238.0,19356.0,18647.0
28725.0,18796.0,18914.0,19032.0,19150.0,19269.0,19387.0,18678.0
28775.0,18826.0,18945.0,19063.0,19181.0,19299.0,19417.0,18708.0
28825.0,18857.0,18975.0,19093.0,19211.0,19330.0,19448.0,18739.0
28875.0,18887.0,19005.0,19124.0,19242.0,19360.0,19478.0,18769.0
28925.0,18918.0,19036.0,19154.0,19272.0,19390.0,19509.0,18800.0
28975.0,18948.0,19066.0,19185.0,19303.0,19421.0,19539.0,18830.0
29025.0,18979.0,19097.0,19215.0,19333.0,19451.0,19570.0,18860.0
29075.0,19009.0,19127.0,19245.0,19364.0,19482.0,19600.0,18891.0
29125.0,19040.0,19158.0,19276.0,19394.0,19512.0,19630.0,18921.0
29175.0,19070.0,19188.0,19306.0,19425.0,19543.0,19661.0,18952.0
29225.0,19100.0,19219.0,19337.0,19455.0,19573.0,19691.0,18982.0
29275.0,19131.0,19249.0,19367.0,19485.0,19604.0,19722.0,19013.0
29325.0,19161.0,19280.0,19398.0,19516.0,19634.0,19752.0,19043.0
29375.0,19192.0,19310.0,19428.0,19546.0,19665.0,19783.0,19074.0
29425.0,19222.0,19340.0,19459.0,19577.0,19695.0,19813.0,19104.0
29475.0,19253.0,19371.0,19489.0,19607.0,19725.0,19844.0,19135.0
29525.0,19283.0,19401.0,19520.0,19638.0,19756.0,19874.0,19165.0
29575.0,19314.0,19432.0,19550.0,19668.0,19786.0,19904.0,19195.0
29625.0,19344.0,19462.0,19580.0,19699.0,19817.0,19935.0,19226.0
29675.0,19375.0,19493.0,19611.0,19729.0,19847.0,19965.0,19256.0
29725.0,19405.0,19523.0,19641.0,19759.0,19878.0,19996.0,19287.0
29775.0,19435.0,19554.0,19672.0,19790.0,19908.0,20026.0,19317.0
29825.0,19466.0,19584.0,19702.0,19820.0,19939.0,20057.0,19348.0
29875.0,19496.0,19614.0,19733.0,19851.0,19969.0,20087.0,19378.0
29925.0,19527.0,19645.0,19763.0,19881.0,19999.0,20118.0,19409.0
29975.0,19557.0,19675.0,19794.0,19912.0,20030.0,20148.0,19439.0
