"""combined adjusted net income""","""one""","""two""","""three""","""four""","""five""","""six_plus"""
0.0,173.0,265.0,322.0,360.0,396.0,430.0
825.0,184.0,282.0,342.0,382.0,421.0,457.0
875.0,195.0,298.0,362.0,405.0,445.0,484.0
925.0,206.0,315.0,382.0,427.0,470.0,511.0
975.0,216.0,332.0,403.0,450.0,495.0,538.0
1025.0,227.0,348.0,423.0,472.0,519.0,565.0
1075.0,238.0,365.0,443.0,495.0,544.0,592.0
1125.0,249.0,381.0,463.0,517.0,569.0,618.0
1175.0,260.0,398.0,483.0,540.0,594.0,645.0
1225.0,270.0,415.0,503.0,562.0,618.0,672.0
1275.0,281.0,431.0,523.0,585.0,643.0,699.0
1325.0,292.0,448.0,544.0,607.0,668.0,726.0
1375.0,303.0,464.0,564.0,630.0,693.0,753.0
1425.0,314.0,481.0,584.0,652.0,717.0,780.0
1475.0,325.0,497.0,604.0,675.0,742.0,807.0
1525.0,335.0,514.0,624.0,697.0,767.0,834.0
1575.0,346.0,531.0,644.0,720.0,792.0,860.0
1625.0,357.0,547.0,664.0,742.0,816.0,887.0
1675.0,368.0,564.0,684.0,765.0,841.0,914.0
1725.0,379.0,580.0,705.0,787.0,866.0,941.0
1775.0,389.0,597.0,725.0,809.0,890.0,968.0
1825.0,400.0,613.0,744.0,831.0,914.0,993.0
1875.0,411.0,629.0,763.0,852.0,937.0,1018.0
1925.0,421.0,645.0,782.0,873.0,960.0,1044.0
1975.0,432.0,660.0,801.0,894.0,984.0,1069.0
2025.0,442.0,676.0,820.0,916.0,1007.0,1095.0
2075.0,453.0,692.0,839.0,937.0,1030.0,1120.0
2125.0,463.0,708.0,858.0,958.0,1054.0,1145.0
2175.0,474.0,724.0,877.0,979.0,1077.0,1171.0
2225.0,484.0,740.0,896.0,1000.0,1101.0,1196.0
2275.0,495.0,756.0,915.0,1022.0,1124.0,1222.0
2325.0,505.0,772.0,934.0,1043.0,1147.0,1247.0
2375.0,516.0,788.0,953.0,1064.0,1171.0,1272.0
2425.0,527.0,804.0,972.0,1085.0,1194.0,1298.0
2475.0,537.0,820.0,991.0,1107.0,1217.0,1323.0
2525.0,548.0,835.0,1010.0,1128.0,1241.0,1349.0
2575.0,558.0,851.0,1029.0,1149.0,1264.0,1374.0
2625.0,569.0,867.0,1048.0,1170.0,1287.0,1399.0
2675.0,579.0,883.0,1067.0,1192.0,1311.0,1425.0
2725.0,590.0,899.0,1086.0,1213.0,1334.0,1450.0
2775.0,600.0,915.0,1105.0,1234.0,1358.0,1476.0
2825.0,611.0,931.0,1124.0,1255.0,1381.0,1501.0
2875.0,621.0,947.0,1143.0,1277.0,1404.0,1526.0
2925.0,632.0,963.0,1162.0,1298.0,1428.0,1552.0
2975.0,643.0,979.0,1181.0,1319.0,1451.0,1577.0
3025.0,653.0,995.0,1200.0,1340.0,1474.0,1603.0
3075.0,664.0,1011.0,1219.0,1362.0,1498.0,1628.0
3125.0,674.0,1026.0,1238.0,1383.0,1521.0,1653.0
3175.0,685.0,1042.0,1257.0,1404.0,1545.0,1679.0
3225.0,695.0,1058.0,1276.0,1425.0,1568.0,1704.0
3275.0,706.0,1074.0,1295.0,1447.0,1591.0,1730.0
3325.0,716.0,1090.0,1314.0,1468.0,1615.0,1755.0
3375.0,727.0,1106.0,1333.0,1489.0,1638.0,1780.0
3425.0,737.0,1122.0,1352.0,1510.0,1661.0,1806.0
3475.0,748.0,1138.0,1371.0,1532.0,1685.0,1831.0
3525.0,759.0,1154.0,1390.0,1553.0,1708.0,1857.0
3575.0,769.0,1170.0,1409.0,1574.0,1731.0,1882.0
3625.0,780.0,1186.0,1428.0,1595.0,1755.0,1907.0
3675.0,790.0,1201.0,1447.0,1617.0,1778.0,1933.0
3725.0,801.0,1217.0,1466.0,1638.0,1802.0,1958.0
3775.0,811.0,1233.0,1485.0,1659.0,1825.0,1984.0
3825.0,818.0,1243.0,1496.0,1671.0,1838.0,1998.0
3875.0,824.0,1251.0,1505.0,1681.0,1849.0,2010.0
3925.0,830.0,1260.0,1514.0,1691.0,1861.0,2022.0
3975.0,836.0,1268.0,1524.0,1702.0,1872.0,2035.0
4025.0,842.0,1277.0,1533.0,1712.0,1883.0,2047.0
4075.0,848.0,1285.0,1542.0,1722.0,1895.0,2060.0
4125.0,855.0,1294.0,1551.0,1733.0,1906.0,2072.0
4175.0,861.0,1302.0,1561.0,1743.0,1917.0,2084.0
4225.0,867.0,1311.0,1570.0,1754.0,1929.0,2097.0
4275.0,872.0,1318.0,1578.0,1763.0,1939.0,2108.0
4325.0,877.0,1325.0,1587.0,1772.0,1950.0,2119.0
4375.0,882.0,1332.0,1595.0,1782.0,1960.0,2131.0
4425.0,886.0,1340.0,1604.0,1791.0,1970.0,2142.0
4475.0,891.0,1347.0,1612.0,1801.0,1981.0,2153.0
4525.0,896.0,1354.0,1620.0,1810.0,1991.0,2164.0
4575.0,901.0,1361.0,1629.0,1820.0,2001.0,2176.0
4625.0,906.0,1369.0,1637.0,1829.0,2012.0,2187.0
4675.0,911.0,1376.0,1646.0,1838.0,2022.0,2198.0
4725.0,916.0,1383.0,1654.0,1848.0,2033.0,2209.0
4775.0,921.0,1390.0,1663.0,1857.0,2043.0,2221.0
4825.0,926.0,1398.0,1671.0,1867.0,2053.0,2232.0
4875.0,931.0,1405.0,1679.0,1876.0,2064.0,2243.0
4925.0,936.0,1413.0,1690.0,1887.0,2076.0,2257.0
4975.0,943.0,1423.0,1701.0,1901.0,2091.0,2273.0
5025.0,949.0,1433.0,1713.0,1914.0,2105.0,2288.0
5075.0,956.0,1443.0,1725.0,1927.0,2120.0,2304.0
5125.0,962.0,1453.0,1737.0,1940.0,2134.0,2320.0
5175.0,969.0,1462.0,1749.0,1954.0,2149.0,2336.0
5225.0,975.0,1472.0,1761.0,1967.0,2164.0,2352.0
5275.0,981.0,1482.0,1773.0,1980.0,2178.0,2368.0
5325.0,988.0,1492.0,1785.0,1994.0,2193.0,2384.0
5375.0,994.0,1502.0,1797.0,2007.0,2207.0,2400.0
5425.0,1001.0,1511.0,1808.0,2020.0,2222.0,2415.0
5475.0,1007.0,1521.0,1820.0,2033.0,2237.0,2431.0
5525.0,1013.0,1531.0,1832.0,2047.0,2251.0,2447.0
5575.0,1020.0,1541.0,1844.0,2060.0,2266.0,2463.0
5625.0,1024.0,1546.0,1850.0,2066.0,2272.0,2470.0
5675.0,1028.0,1552.0,1855.0,2072.0,2279.0,2478.0
5725.0,1032.0,1557.0,1861.0,2079.0,2286.0,2485.0
5775.0,1036.0,1563.0,1867.0,2085.0,2293.0,2493.0
5825.0,1040.0,1568.0,1872.0,2091.0,2300.0,2500.0
5875.0,1045.0,1574.0,1878.0,2098.0,2307.0,2508.0
5925.0,1049.0,1579.0,1884.0,2104.0,2314.0,2516.0
5975.0,1053.0,1585.0,1889.0,2110.0,2321.0,2523.0
6025.0,1057.0,1590.0,1895.0,2116.0,2328.0,2530.0
6075.0,1058.0,1592.0,1897.0,2119.0,2331.0,2534.0
6125.0,1060.0,1594.0,1899.0,2122.0,2334.0,2537.0
6175.0,1062.0,1597.0,1902.0,2124.0,2337.0,2540.0
6225.0,1063.0,1599.0,1904.0,2127.0,2340.0,2543.0
6275.0,1065.0,1601.0,1907.0,2130.0,2343.0,2547.0
6325.0,1066.0,1603.0,1909.0,2133.0,2346.0,2550.0
6375.0,1068.0,1606.0,1912.0,2135.0,2349.0,2553.0
6425.0,1070.0,1608.0,1914.0,2138.0,2352.0,2556.0
6475.0,1072.0,1611.0,1918.0,2142.0,2356.0,2561.0
6525.0,1078.0,1621.0,1929.0,2155.0,2371.0,2577.0
6575.0,1085.0,1630.0,1941.0,2168.0,2385.0,2593.0
6625.0,1091.0,1640.0,1953.0,2181.0,2400.0,2608.0
6675.0,1097.0,1650.0,1965.0,2195.0,2414.0,2624.0
6725.0,1104.0,1660.0,1976.0,2208.0,2429.0,2640.0
6775.0,1110.0,1669.0,1988.0,2221.0,2443.0,2655.0
6825.0,1117.0,1679.0,2000.0,2234.0,2457.0,2671.0
6875.0,1123.0,1689.0,2012.0,2247.0,2472.0,2687.0
6925.0,1129.0,1698.0,2023.0,2260.0,2486.0,2703.0
6975.0,1136.0,1708.0,2035.0,2273.0,2501.0,2718.0
7025.0,1142.0,1718.0,2047.0,2286.0,2515.0,2734.0
7075.0,1148.0,1728.0,2059.0,2300.0,2530.0,2750.0
7125.0,1155.0,1737.0,2070.0,2313.0,2544.0,2765.0
7175.0,1161.0,1747.0,2083.0,2326.0,2559.0,2782.0
7225.0,1168.0,1758.0,2095.0,2340.0,2574.0,2798.0
7275.0,1175.0,1768.0,2107.0,2354.0,2589.0,2814.0
7325.0,1181.0,1778.0,2119.0,2367.0,2604.0,2831.0
7375.0,1188.0,1788.0,2132.0,2381.0,2619.0,2847.0
7425.0,1195.0,1798.0,2144.0,2395.0,2634.0,2863.0
7475.0,1201.0,1808.0,2156.0,2408.0,2649.0,2880.0
7525.0,1208.0,1818.0,2168.0,2422.0,2664.0,2896.0
7575.0,1215.0,1829.0,2181.0,2436.0,2679.0,2912.0
7625.0,1221.0,1839.0,2193.0,2449.0,2694.0,2929.0
7675.0,1228.0,1849.0,2205.0,2463.0,2709.0,2945.0
7725.0,1235.0,1859.0,2217.0,2477.0,2725.0,2962.0
7775.0,1241.0,1869.0,2230.0,2491.0,2740.0,2978.0
7825.0,1248.0,1878.0,2241.0,2503.0,2753.0,2992.0
7875.0,1252.0,1885.0,2248.0,2511.0,2762.0,3002.0
7925.0,1257.0,1891.0,2255.0,2519.0,2770.0,3011.0
7975.0,1261.0,1898.0,2262.0,2526.0,2779.0,3021.0
8025.0,1266.0,1904.0,2269.0,2534.0,2788.0,3030.0
8075.0,1271.0,1911.0,2276.0,2542.0,2796.0,3040.0
8125.0,1275.0,1917.0,2283.0,2550.0,2805.0,3049.0
8175.0,1280.0,1924.0,2290.0,2558.0,2814.0,3059.0
8225.0,1285.0,1930.0,2297.0,2566.0,2823.0,3068.0
8275.0,1289.0,1937.0,2304.0,2574.0,2831.0,3078.0
8325.0,1294.0,1943.0,2311.0,2582.0,2840.0,3087.0
8375.0,1299.0,1950.0,2318.0,2590.0,2849.0,3097.0
8425.0,1303.0,1956.0,2326.0,2598.0,2857.0,3106.0
8475.0,1308.0,1963.0,2333.0,2606.0,2866.0,3116.0
8525.0,1312.0,1969.0,2340.0,2614.0,2876.0,3126.0
8575.0,1317.0,1976.0,2348.0,2623.0,2885.0,3136.0
8625.0,1322.0,1983.0,2356.0,2632.0,2895.0,3147.0
8675.0,1326.0,1990.0,2364.0,2640.0,2904.0,3157.0
8725.0,1331.0,1996.0,2372.0,2649.0,2914.0,3168.0
8775.0,1336.0,2003.0,2379.0,2658.0,2924.0,3178.0
8825.0,1340.0,2010.0,2387.0,2667.0,2933.0,3188.0
8875.0,1345.0,2017.0,2395.0,2675.0,2943.0,3199.0
8925.0,1350.0,2024.0,2403.0,2684.0,2952.0,3209.0
8975.0,1354.0,2030.0,2411.0,2693.0,2962.0,3220.0
9025.0,1359.0,2037.0,2419.0,2702.0,2972.0,3230.0
9075.0,1364.0,2044.0,2426.0,2710.0,2981.0,3241.0
9125.0,1368.0,2051.0,2434.0,2719.0,2991.0,3251.0
9175.0,1373.0,2057.0,2442.0,2728.0,3001.0,3262.0
9225.0,1378.0,2064.0,2450.0,2736.0,3010.0,3272.0
9275.0,1382.0,2071.0,2458.0,2745.0,3020.0,3282.0
9325.0,1387.0,2078.0,2465.0,2754.0,3029.0,3293.0
9375.0,1392.0,2085.0,2473.0,2763.0,3039.0,3303.0
9425.0,1396.0,2092.0,2483.0,2773.0,3051.0,3316.0
9475.0,1400.0,2099.0,2492.0,2784.0,3062.0,3329.0
9525.0,1405.0,2107.0,2502.0,2795.0,3074.0,3342.0
9575.0,1409.0,2114.0,2512.0,2806.0,3086.0,3355.0
9625.0,1414.0,2121.0,2521.0,2816.0,3098.0,3367.0
9675.0,1418.0,2129.0,2531.0,2827.0,3110.0,3380.0
9725.0,1423.0,2136.0,2540.0,2838.0,3122.0,3393.0
9775.0,1427.0,2143.0,2550.0,2848.0,3133.0,3406.0
9825.0,1431.0,2151.0,2560.0,2859.0,3145.0,3419.0
9875.0,1436.0,2158.0,2569.0,2870.0,3157.0,3432.0
9925.0,1440.0,2165.0,2579.0,2881.0,3169.0,3444.0
9975.0,1445.0,2173.0,2589.0,2891.0,3181.0,3457.0
10025.0,1449.0,2180.0,2598.0,2902.0,3192.0,3470.0
10075.0,1453.0,2187.0,2608.0,2913.0,3204.0,3483.0
10125.0,1458.0,2195.0,2617.0,2924.0,3216.0,3496.0
10175.0,1462.0,2202.0,2627.0,2934.0,3228.0,3509.0
10225.0,1467.0,2209.0,2637.0,2945.0,3240.0,3522.0
10275.0,1471.0,2217.0,2646.0,2956.0,3251.0,3534.0
10325.0,1477.0,2224.0,2654.0,2965.0,3261.0,3545.0
10375.0,1482.0,2232.0,2662.0,2973.0,3271.0,3555.0
10425.0,1488.0,2239.0,2670.0,2982.0,3280.0,3566.0
10475.0,1493.0,2246.0,2677.0,2991.0,3290.0,3576.0
10525.0,1499.0,2254.0,2685.0,2999.0,3299.0,3586.0
10575.0,1504.0,2261.0,2693.0,3008.0,3309.0,3597.0
10625.0,1510.0,2269.0,2701.0,3017.0,3319.0,3607.0
10675.0,1515.0,2276.0,2709.0,3026.0,3328.0,3618.0
10725.0,1520.0,2283.0,2716.0,3034.0,3338.0,3628.0
10775.0,1526.0,2291.0,2724.0,3043.0,3347.0,3638.0
10825.0,1531.0,2298.0,2732.0,3052.0,3357.0,3649.0
10875.0,1537.0,2306.0,2740.0,3060.0,3366.0,3659.0
10925.0,1542.0,2313.0,2748.0,3069.0,3376.0,3670.0
10975.0,1548.0,2320.0,2755.0,3078.0,3386.0,3680.0
11025.0,1553.0,2328.0,2763.0,3087.0,3395.0,3691.0
11075.0,1559.0,2335.0,2771.0,3095.0,3405.0,3701.0
11125.0,1564.0,2343.0,2779.0,3104.0,3414.0,3711.0
11175.0,1569.0,2350.0,2786.0,3112.0,3424.0,3721.0
11225.0,1572.0,2353.0,2791.0,3117.0,3429.0,3727.0
11275.0,1574.0,2357.0,2795.0,3122.0,3434.0,3733.0
11325.0,1576.0,2360.0,2799.0,3127.0,3440.0,3739.0
11375.0,1579.0,2364.0,2804.0,3132.0,3445.0,3745.0
11425.0,1581.0,2368.0,2808.0,3137.0,3450.0,3751.0
11475.0,1583.0,2371.0,2813.0,3142.0,3456.0,3756.0
11525.0,1586.0,2375.0,2817.0,3147.0,3461.0,3762.0
11575.0,1588.0,2378.0,2821.0,3151.0,3467.0,3768.0
11625.0,1590.0,2382.0,2826.0,3156.0,3472.0,3774.0
11675.0,1593.0,2386.0,2830.0,3161.0,3477.0,3780.0
11725.0,1595.0,2389.0,2834.0,3166.0,3483.0,3786.0
11775.0,1597.0,2393.0,2839.0,3171.0,3488.0,3792.0
11825.0,1600.0,2396.0,2843.0,3176.0,3493.0,3797.0
11875.0,1602.0,2400.0,2848.0,3181.0,3499.0,3803.0
11925.0,1604.0,2404.0,2852.0,3186.0,3504.0,3809.0
11975.0,1607.0,2407.0,2856.0,3191.0,3510.0,3815.0
12025.0,1609.0,2411.0,2861.0,3195.0,3515.0,3821.0
12075.0,1611.0,2414.0,2865.0,3200.0,3520.0,3827.0
12125.0,1614.0,2418.0,2870.0,3205.0,3526.0,3833.0
12175.0,1616.0,2422.0,2874.0,3210.0,3531.0,3838.0
12225.0,1618.0,2425.0,2878.0,3215.0,3537.0,3844.0
12275.0,1621.0,2429.0,2883.0,3220.0,3542.0,3850.0
12325.0,1623.0,2432.0,2887.0,3225.0,3547.0,3856.0
12375.0,1625.0,2436.0,2891.0,3230.0,3553.0,3862.0
12425.0,1628.0,2439.0,2896.0,3235.0,3558.0,3868.0
12475.0,1630.0,2443.0,2900.0,3240.0,3563.0,3874.0
12525.0,1633.0,2447.0,2905.0,3245.0,3569.0,3880.0
12575.0,1637.0,2452.0,2910.0,3251.0,3576.0,3887.0
12625.0,1640.0,2457.0,2916.0,3257.0,3583.0,3894.0
12675.0,1644.0,2462.0,2921.0,3263.0,3590.0,3902.0
12725.0,1648.0,2468.0,2927.0,3269.0,3596.0,3909.0
12775.0,1652.0,2473.0,2933.0,3276.0,3603.0,3917.0
12825.0,1655.0,2478.0,2938.0,3282.0,3610.0,3924.0
12875.0,1659.0,2483.0,2944.0,3288.0,3617.0,3931.0
12925.0,1663.0,2488.0,2949.0,3294.0,3624.0,3939.0
12975.0,1667.0,2493.0,2955.0,3300.0,3630.0,3946.0
13025.0,1670.0,2499.0,2960.0,3307.0,3637.0,3954.0
13075.0,1674.0,2504.0,2966.0,3313.0,3644.0,3961.0
13125.0,1678.0,2509.0,2971.0,3319.0,3651.0,3968.0
13175.0,1682.0,2514.0,2977.0,3325.0,3658.0,3976.0
13225.0,1685.0,2519.0,2982.0,3331.0,3664.0,3983.0
13275.0,1689.0,2524.0,2988.0,3337.0,3671.0,3991.0
13325.0,1693.0,2530.0,2993.0,3344.0,3678.0,3998.0
13375.0,1697.0,2535.0,2999.0,3350.0,3685.0,4005.0
13425.0,1700.0,2540.0,3004.0,3356.0,3692.0,4013.0
13475.0,1704.0,2545.0,3010.0,3362.0,3698.0,4020.0
13525.0,1708.0,2550.0,3016.0,3368.0,3705.0,4028.0
13575.0,1712.0,2555.0,3021.0,3375.0,3712.0,4035.0
13625.0,1715.0,2560.0,3027.0,3381.0,3719.0,4042.0
13675.0,1719.0,2566.0,3032.0,3387.0,3726.0,4050.0
13725.0,1723.0,2571.0,3038.0,3393.0,3732.0,4057.0
13775.0,1727.0,2576.0,3043.0,3399.0,3739.0,4064.0
13825.0,1731.0,2581.0,3049.0,3405.0,3746.0,4072.0
13875.0,1734.0,2586.0,3054.0,3412.0,3753.0,4079.0
13925.0,1738.0,2591.0,3060.0,3418.0,3760.0,4087.0
13975.0,1742.0,2597.0,3065.0,3424.0,3766.0,4094.0
14025.0,1746.0,2602.0,3071.0,3430.0,3773.0,4101.0
14075.0,1749.0,2607.0,3076.0,3436.0,3780.0,4109.0
14125.0,1753.0,2612.0,3082.0,3442.0,3787.0,4116.0
14175.0,1757.0,2617.0,3087.0,3449.0,3794.0,4124.0
14225.0,1761.0,2622.0,3093.0,3455.0,3800.0,4131.0
14275.0,1764.0,2628.0,3098.0,3461.0,3807.0,4138.0
14325.0,1768.0,2633.0,3104.0,3467.0,3814.0,4146.0
14375.0,1772.0,2638.0,3110.0,3473.0,3821.0,4153.0
14425.0,1776.0,2643.0,3115.0,3480.0,3828.0,4161.0
14475.0,1779.0,2648.0,3121.0,3486.0,3834.0,4168.0
14525.0,1783.0,2653.0,3126.0,3492.0,3841.0,4175.0
14575.0,1786.0,2658.0,3133.0,3499.0,3849.0,4184.0
14625.0,1789.0,2663.0,3139.0,3506.0,3857.0,4192.0
14675.0,1793.0,2668.0,3145.0,3513.0,3865.0,4201.0
14725.0,1796.0,2673.0,3152.0,3521.0,3873.0,4210.0
14775.0,1799.0,2679.0,3158.0,3528.0,3881.0,4218.0
14825.0,1802.0,2684.0,3165.0,3535.0,3889.0,4227.0
14875.0,1805.0,2689.0,3171.0,3542.0,3896.0,4235.0
14925.0,1808.0,2694.0,3178.0,3549.0,3904.0,4244.0
14975.0,1811.0,2699.0,3184.0,3557.0,3912.0,4253.0
15025.0,1814.0,2704.0,3190.0,3564.0,3920.0,4261.0
15075.0,1818.0,2709.0,3197.0,3571.0,3928.0,4270.0
15125.0,1821.0,2714.0,3203.0,3578.0,3936.0,4278.0
15175.0,1824.0,2719.0,3210.0,3585.0,3944.0,4287.0
15225.0,1827.0,2724.0,3216.0,3593.0,3952.0,4296.0
15275.0,1830.0,2729.0,3223.0,3600.0,3960.0,4304.0
15325.0,1833.0,2734.0,3229.0,3607.0,3968.0,4313.0
15375.0,1836.0,2739.0,3236.0,3614.0,3976.0,4321.0
15425.0,1839.0,2744.0,3242.0,3621.0,3983.0,4330.0
15475.0,1843.0,2749.0,3248.0,3629.0,3991.0,4339.0
15525.0,1846.0,2754.0,3255.0,3636.0,3999.0,4347.0
15575.0,1849.0,2759.0,3261.0,3643.0,4007.0,4356.0
15625.0,1852.0,2764.0,3268.0,3650.0,4015.0,4364.0
15675.0,1855.0,2769.0,3274.0,3657.0,4023.0,4373.0
15725.0,1858.0,2774.0,3281.0,3664.0,4031.0,4382.0
15775.0,1861.0,2779.0,3287.0,3672.0,4039.0,4390.0
15825.0,1864.0,2784.0,3294.0,3679.0,4047.0,4399.0
15875.0,1868.0,2789.0,3300.0,3686.0,4055.0,4407.0
15925.0,1871.0,2795.0,3306.0,3693.0,4063.0,4416.0
15975.0,1874.0,2800.0,3313.0,3700.0,4071.0,4425.0
16025.0,1877.0,2805.0,3319.0,3708.0,4078.0,4433.0
16075.0,1880.0,2810.0,3326.0,3715.0,4086.0,4442.0
16125.0,1883.0,2815.0,3332.0,3722.0,4094.0,4450.0
16175.0,1886.0,2820.0,3339.0,3729.0,4102.0,4459.0
16225.0,1889.0,2825.0,3345.0,3736.0,4110.0,4468.0
16275.0,1893.0,2830.0,3352.0,3744.0,4118.0,4476.0
16325.0,1896.0,2835.0,3358.0,3751.0,4126.0,4485.0
16375.0,1899.0,2840.0,3364.0,3758.0,4134.0,4493.0
16425.0,1902.0,2845.0,3371.0,3765.0,4142.0,4502.0
16475.0,1905.0,2850.0,3377.0,3772.0,4150.0,4511.0
16525.0,1908.0,2855.0,3384.0,3780.0,4158.0,4519.0
16575.0,1911.0,2860.0,3390.0,3787.0,4165.0,4528.0
16625.0,1914.0,2865.0,3397.0,3794.0,4173.0,4536.0
16675.0,1917.0,2870.0,3403.0,3801.0,4181.0,4545.0
16725.0,1921.0,2875.0,3409.0,3808.0,4189.0,4554.0
16775.0,1924.0,2880.0,3416.0,3816.0,4197.0,4562.0
16825.0,1927.0,2885.0,3422.0,3823.0,4205.0,4571.0
16875.0,1930.0,2890.0,3429.0,3830.0,4213.0,4579.0
16925.0,1933.0,2895.0,3435.0,3837.0,4221.0,4588.0
16975.0,1936.0,2900.0,3442.0,3844.0,4229.0,4597.0
17025.0,1939.0,2905.0,3448.0,3852.0,4237.0,4605.0
17075.0,1942.0,2910.0,3455.0,3859.0,4245.0,4614.0
17125.0,1946.0,2916.0,3461.0,3866.0,4253.0,4622.0
17175.0,1949.0,2921.0,3467.0,3873.0,4260.0,4631.0
17225.0,1952.0,2926.0,3474.0,3880.0,4268.0,4640.0
17275.0,1955.0,2931.0,3480.0,3888.0,4276.0,4648.0
17325.0,1958.0,2936.0,3487.0,3895.0,4284.0,4657.0
17375.0,1961.0,2941.0,3493.0,3902.0,4292.0,4665.0
17425.0,1964.0,2946.0,3500.0,3909.0,4300.0,4674.0
17475.0,1967.0,2951.0,3506.0,3916.0,4308.0,4683.0
17525.0,1971.0,2956.0,3513.0,3923.0,4316.0,4691.0
17575.0,1974.0,2961.0,3519.0,3931.0,4324.0,4700.0
17625.0,1977.0,2966.0,3525.0,3938.0,4332.0,4709.0
17675.0,1980.0,2971.0,3532.0,3945.0,4340.0,4717.0
17725.0,1983.0,2976.0,3538.0,3952.0,4347.0,4726.0
17775.0,1986.0,2981.0,3545.0,3959.0,4355.0,4734.0
17825.0,1989.0,2986.0,3551.0,3967.0,4363.0,4743.0
17875.0,1992.0,2991.0,3558.0,3974.0,4371.0,4752.0
17925.0,1996.0,2996.0,3564.0,3981.0,4379.0,4760.0
17975.0,1999.0,3001.0,3570.0,3988.0,4387.0,4769.0
18025.0,2002.0,3006.0,3577.0,3995.0,4395.0,4777.0
18075.0,2005.0,3011.0,3583.0,4003.0,4403.0,4786.0
18125.0,2008.0,3016.0,3590.0,4010.0,4411.0,4795.0
18175.0,2011.0,3021.0,3596.0,4017.0,4419.0,4803.0
18225.0,2014.0,3026.0,3603.0,4024.0,4427.0,4812.0
18275.0,2017.0,3032.0,3609.0,4031.0,4435.0,4820.0
18325.0,2021.0,3037.0,3616.0,4039.0,4442.0,4829.0
18375.0,2024.0,3042.0,3622.0,4046.0,4450.0,4838.0
18425.0,2027.0,3047.0,3628.0,4053.0,4458.0,4846.0
18475.0,2030.0,3052.0,3635.0,4060.0,4466.0,4855.0
18525.0,2033.0,3057.0,3641.0,4067.0,4474.0,4863.0
18575.0,2035.0,3059.0,3644.0,4071.0,4478.0,4867.0
18625.0,2036.0,3060.0,3644.0,4071.0,4478.0,4868.0
18675.0,2037.0,3061.0,3645.0,4071.0,4478.0,4868.0
18725.0,2037.0,3061.0,3645.0,4071.0,4478.0,4868.0
18775.0,2038.0,3062.0,3645.0,4071.0,4478.0,4868.0
18825.0,2039.0,3063.0,3645.0,4071.0,4479.0,4868.0
18875.0,2040.0,3064.0,3645.0,4072.0,4479.0,4868.0
18925.0,2041.0,3064.0,3645.0,4072.0,4479.0,4869.0
18975.0,2042.0,3065.0,3645.0,4072.0,4479.0,4869.0
19025.0,2042.0,3066.0,3645.0,4072.0,4479.0,4869.0
19075.0,2043.0,3066.0,3646.0,4072.0,4479.0,4869.0
19125.0,2044.0,3067.0,3646.0,4072.0,4479.0,4869.0
19175.0,2045.0,3068.0,3646.0,4072.0,4480.0,4869.0
19225.0,2046.0,3068.0,3646.0,4072.0,4480.0,4869.0
19275.0,2047.0,3069.0,3646.0,4073.0,4480.0,4870.0
19325.0,2047.0,3070.0,3646.0,4073.0,4480.0,4870.0
19375.0,2048.0,3070.0,3646.0,4073.0,4480.0,4870.0
19425.0,2049.0,3071.0,3646.0,4073.0,4480.0,4870.0
19475.0,2050.0,3072.0,3646.0,4073.0,4480.0,4870.0
19525.0,2051.0,3072.0,3647.0,4073.0,4481.0,4870.0
19575.0,2051.0,3073.0,3647.0,4073.0,4481.0,4871.0
19625.0,2052.0,3074.0,3647.0,4074.0,4481.0,4871.0
19675.0,2053.0,3074.0,3647.0,4074.0,4481.0,4871.0
19725.0,2054.0,3075.0,3647.0,4074.0,4481.0,4871.0
19775.0,2055.0,3076.0,3647.0,4074.0,4481.0,4871.0
19825.0,2056.0,3076.0,3647.0,4074.0,4481.0,4871.0
19875.0,2056.0,3077.0,3647.0,4074.0,4482.0,4871.0
19925.0,2057.0,3078.0,3648.0,4074.0,4482.0,4872.0
19975.0,2058.0,3078.0,3648.0,4074.0,4482.0,4872.0
20025.0,2059.0,3079.0,3648.0,4075.0,4482.0,4872.0
20075.0,2060.0,3080.0,3648.0,4075.0,4482.0,4872.0
20125.0,2061.0,3080.0,3648.0,4075.0,4482.0,4872.0
20175.0,2061.0,3081.0,3648.0,4075.0,4482.0,4872.0
20225.0,2062.0,3082.0,3648.0,4075.0,4483.0,4873.0
20275.0,2063.0,3082.0,3648.0,4075.0,4483.0,4873.0
20325.0,2064.0,3083.0,3648.0,4075.0,4483.0,4873.0
20375.0,2065.0,3084.0,3649.0,4075.0,4483.0,4873.0
20425.0,2065.0,3084.0,3649.0,4076.0,4483.0,4873.0
20475.0,2066.0,3085.0,3649.0,4076.0,4483.0,4873.0
20525.0,2067.0,3086.0,3649.0,4076.0,4483.0,4874.0
20575.0,2068.0,3087.0,3649.0,4076.0,4484.0,4874.0
20625.0,2069.0,3087.0,3649.0,4076.0,4484.0,4874.0
20675.0,2070.0,3088.0,3649.0,4076.0,4484.0,4874.0
20725.0,2070.0,3089.0,3649.0,4076.0,4484.0,4874.0
20775.0,2071.0,3089.0,3650.0,4077.0,4484.0,4874.0
20825.0,2072.0,3090.0,3650.0,4077.0,4484.0,4874.0
20875.0,2073.0,3091.0,3650.0,4077.0,4484.0,4875.0
20925.0,2074.0,3091.0,3650.0,4077.0,4485.0,4875.0
20975.0,2075.0,3092.0,3650.0,4077.0,4485.0,4875.0
21025.0,2075.0,3093.0,3650.0,4077.0,4485.0,4875.0
21075.0,2076.0,3093.0,3650.0,4077.0,4485.0,4875.0
21125.0,2077.0,3094.0,3650.0,4077.0,4485.0,4875.0
21175.0,2078.0,3095.0,3650.0,4078.0,4485.0,4876.0
21225.0,2079.0,3095.0,3651.0,4078.0,4485.0,4876.0
21275.0,2080.0,3096.0,3651.0,4078.0,4486.0,4876.0
21325.0,2080.0,3097.0,3651.0,4078.0,4486.0,4876.0
21375.0,2081.0,3097.0,3651.0,4078.0,4486.0,4876.0
21425.0,2082.0,3098.0,3651.0,4078.0,4486.0,4876.0
21475.0,2083.0,3099.0,3651.0,4078.0,4486.0,4877.0
21525.0,2084.0,3099.0,3651.0,4078.0,4486.0,4877.0
21575.0,2084.0,3100.0,3651.0,4079.0,4486.0,4877.0
21625.0,2085.0,3101.0,3652.0,4079.0,4487.0,4877.0
21675.0,2086.0,3101.0,3652.0,4079.0,4487.0,4877.0
21725.0,2087.0,3102.0,3652.0,4079.0,4487.0,4877.0
21775.0,2088.0,3103.0,3652.0,4079.0,4487.0,4877.0
21825.0,2089.0,3103.0,3652.0,4079.0,4487.0,4878.0
21875.0,2089.0,3104.0,3652.0,4079.0,4487.0,4878.0
21925.0,2090.0,3105.0,3652.0,4080.0,4488.0,4878.0
21975.0,2091.0,3105.0,3652.0,4080.0,4488.0,4878.0
22025.0,2092.0,3106.0,3652.0,4080.0,4488.0,4878.0
22075.0,2093.0,3107.0,3653.0,4080.0,4488.0,4878.0
22125.0,2094.0,3107.0,3653.0,4080.0,4488.0,4879.0
22175.0,2094.0,3108.0,3653.0,4080.0,4488.0,4879.0
22225.0,2095.0,3109.0,3653.0,4080.0,4488.0,4879.0
22275.0,2096.0,3110.0,3653.0,4080.0,4489.0,4879.0
22325.0,2097.0,3110.0,3653.0,4081.0,4489.0,4879.0
22375.0,2098.0,3111.0,3653.0,4081.0,4489.0,4879.0
22425.0,2098.0,3112.0,3653.0,4081.0,4489.0,4879.0
22475.0,2099.0,3112.0,3654.0,4081.0,4489.0,4880.0
22525.0,2100.0,3113.0,3654.0,4081.0,4489.0,4880.0
22575.0,2101.0,3114.0,3654.0,4081.0,4489.0,4880.0
22625.0,2102.0,3114.0,3654.0,4081.0,4490.0,4880.0
22675.0,2103.0,3115.0,3654.0,4082.0,4490.0,4880.0
22725.0,2103.0,3116.0,3654.0,4082.0,4490.0,4880.0
22775.0,2104.0,3117.0,3655.0,4083.0,4491.0,4882.0
22825.0,2106.0,3118.0,3657.0,4085.0,4493.0,4884.0
22875.0,2107.0,3120.0,3658.0,4086.0,4495.0,4886.0
22925.0,2108.0,3122.0,3660.0,4088.0,4497.0,4888.0
22975.0,2109.0,3123.0,3662.0,4090.0,4499.0,4891.0
23025.0,2111.0,3125.0,3664.0,4092.0,4501.0,4893.0
23075.0,2112.0,3127.0,3665.0,4094.0,4504.0,4895.0
23125.0,2113.0,3128.0,3667.0,4096.0,4506.0,4898.0
23175.0,2114.0,3130.0,3669.0,4098.0,4508.0,4900.0
23225.0,2116.0,3132.0,3670.0,4100.0,4510.0,4902.0
23275.0,2117.0,3133.0,3672.0,4102.0,4512.0,4905.0
23325.0,2118.0,3135.0,3674.0,4104.0,4514.0,4907.0
23375.0,2119.0,3137.0,3676.0,4106.0,4516.0,4909.0
23425.0,2121.0,3138.0,3677.0,4108.0,4518.0,4911.0
23475.0,2122.0,3140.0,3679.0,4109.0,4520.0,4914.0
23525.0,2123.0,3142.0,3681.0,4111.0,4523.0,4916.0
23575.0,2125.0,3143.0,3682.0,4113.0,4525.0,4918.0
23625.0,2126.0,3145.0,3684.0,4115.0,4527.0,4921.0
23675.0,2127.0,3147.0,3686.0,4117.0,4529.0,4923.0
23725.0,2128.0,3148.0,3688.0,4119.0,4531.0,4925.0
23775.0,2130.0,3150.0,3689.0,4121.0,4533.0,4927.0
23825.0,2131.0,3152.0,3691.0,4123.0,4535.0,4930.0
23875.0,2132.0,3153.0,3693.0,4125.0,4537.0,4932.0
23925.0,2133.0,3155.0,3695.0,4127.0,4539.0,4934.0
23975.0,2135.0,3157.0,3696.0,4129.0,4542.0,4937.0
24025.0,2136.0,3158.0,3698.0,4131.0,4544.0,4939.0
24075.0,2137.0,3160.0,3700.0,4133.0,4546.0,4941.0
24125.0,2138.0,3162.0,3701.0,4134.0,4548.0,4944.0
24175.0,2140.0,3163.0,3703.0,4136.0,4550.0,4946.0
24225.0,2141.0,3165.0,3705.0,4138.0,4552.0,4948.0
24275.0,2142.0,3167.0,3707.0,4140.0,4554.0,4950.0
24325.0,2143.0,3168.0,3708.0,4142.0,4556.0,4953.0
24375.0,2145.0,3170.0,3710.0,4144.0,4558.0,4955.0
24425.0,2146.0,3172.0,3712.0,4146.0,4561.0,4957.0
24475.0,2147.0,3173.0,3713.0,4148.0,4563.0,4960.0
24525.0,2148.0,3175.0,3715.0,4150.0,4565.0,4962.0
24575.0,2150.0,3177.0,3717.0,4152.0,4567.0,4964.0
24625.0,2151.0,3178.0,3719.0,4154.0,4569.0,4966.0
24675.0,2152.0,3180.0,3720.0,4156.0,4571.0,4969.0
24725.0,2153.0,3182.0,3722.0,4157.0,4573.0,4971.0
24775.0,2155.0,3183.0,3724.0,4159.0,4575.0,4973.0
24825.0,2156.0,3185.0,3725.0,4161.0,4577.0,4976.0
24875.0,2157.0,3187.0,3727.0,4163.0,4580.0,4978.0
24925.0,2158.0,3188.0,3729.0,4165.0,4582.0,4980.0
24975.0,2160.0,3190.0,3731.0,4167.0,4584.0,4983.0
25025.0,2161.0,3192.0,3732.0,4169.0,4586.0,4985.0
25075.0,2162.0,3193.0,3734.0,4171.0,4588.0,4987.0
25125.0,2163.0,3195.0,3736.0,4173.0,4590.0,4989.0
25175.0,2165.0,3197.0,3737.0,4175.0,4592.0,4992.0
25225.0,2166.0,3198.0,3739.0,4177.0,4594.0,4994.0
25275.0,2167.0,3200.0,3741.0,4179.0,4596.0,4996.0
25325.0,2168.0,3201.0,3742.0,4180.0,4598.0,4998.0
25375.0,2169.0,3202.0,3743.0,4181.0,4599.0,4999.0
25425.0,2170.0,3203.0,3744.0,4182.0,4600.0,5000.0
25475.0,2170.0,3204.0,3744.0,4182.0,4601.0,5001.0
25525.0,2171.0,3205.0,3745.0,4183.0,4602.0,5002.0
25575.0,2172.0,3206.0,3746.0,4184.0,4603.0,5003.0
25625.0,2173.0,3207.0,3747.0,4185.0,4604.0,5004.0
25675.0,2174.0,3208.0,3748.0,4186.0,4605.0,5006.0
25725.0,2174.0,3209.0,3749.0,4187.0,4606.0,5007.0
25775.0,2175.0,3210.0,3749.0,4188.0,4607.0,5008.0
25825.0,2176.0,3211.0,3750.0,4189.0,4608.0,5009.0
25875.0,2177.0,3212.0,3751.0,4190.0,4609.0,5010.0
25925.0,2178.0,3213.0,3752.0,4191.0,4610.0,5011.0
25975.0,2178.0,3213.0,3753.0,4192.0,4611.0,5012.0
26025.0,2179.0,3214.0,3754.0,4193.0,4612.0,5013.0
26075.0,2180.0,3215.0,3755.0,4194.0,4613.0,5015.0
26125.0,2181.0,3216.0,3755.0,4195.0,4614.0,5016.0
26175.0,2181.0,3217.0,3756.0,4196.0,4615.0,5017.0
26225.0,2182.0,3218.0,3757.0,4197.0,4616.0,5018.0
26275.0,2183.0,3219.0,3758.0,4198.0,4617.0,5019.0
26325.0,2184.0,3220.0,3759.0,4199.0,4618.0,5020.0
26375.0,2185.0,3221.0,3760.0,4200.0,4619.0,5021.0
26425.0,2185.0,3222.0,3760.0,4200.0,4621.0,5022.0
26475.0,2186.0,3223.0,3761.0,4201.0,4622.0,5024.0
26525.0,2187.0,3224.0,3762.0,4202.0,4623.0,5025.0
26575.0,2188.0,3225.0,3763.0,4203.0,4624.0,5026.0
26625.0,2189.0,3226.0,3764.0,4204.0,4625.0,5027.0
26675.0,2189.0,3227.0,3765.0,4205.0,4626.0,5028.0
26725.0,2190.0,3228.0,3766.0,4206.0,4627.0,5029.0
26775.0,2191.0,3229.0,3766.0,4207.0,4628.0,5030.0
26825.0,2192.0,3230.0,3767.0,4208.0,4629.0,5032.0
26875.0,2193.0,3231.0,3768.0,4209.0,4630.0,5033.0
26925.0,2193.0,3232.0,3769.0,4210.0,4631.0,5034.0
26975.0,2194.0,3232.0,3770.0,4211.0,4632.0,5035.0
27025.0,2195.0,3233.0,3771.0,4212.0,4633.0,5036.0
27075.0,2196.0,3234.0,3771.0,4213.0,4634.0,5037.0
27125.0,2196.0,3235.0,3772.0,4214.0,4635.0,5038.0
27175.0,2197.0,3236.0,3773.0,4215.0,4636.0,5039.0
27225.0,2198.0,3237.0,3774.0,4216.0,4637.0,5041.0
27275.0,2199.0,3238.0,3775.0,4217.0,4638.0,5042.0
27325.0,2200.0,3239.0,3776.0,4217.0,4639.0,5043.0
27375.0,2200.0,3240.0,3777.0,4218.0,4640.0,5044.0
27425.0,2201.0,3241.0,3777.0,4219.0,4641.0,5045.0
27475.0,2202.0,3242.0,3778.0,4220.0,4642.0,5046.0
27525.0,2203.0,3243.0,3779.0,4221.0,4643.0,5047.0
27575.0,2204.0,3244.0,3780.0,4222.0,4644.0,5048.0
27625.0,2204.0,3245.0,3781.0,4223.0,4645.0,5050.0
27675.0,2205.0,3246.0,3782.0,4224.0,4647.0,5051.0
27725.0,2206.0,3247.0,3782.0,4225.0,4648.0,5052.0
27775.0,2207.0,3248.0,3783.0,4226.0,4649.0,5053.0
27825.0,2208.0,3249.0,3784.0,4227.0,4650.0,5054.0
27875.0,2208.0,3250.0,3785.0,4228.0,4651.0,5055.0
27925.0,2209.0,3251.0,3786.0,4229.0,4652.0,5056.0
27975.0,2210.0,3251.0,3787.0,4230.0,4653.0,5058.0
28025.0,2211.0,3252.0,3788.0,4231.0,4654.0,5059.0
28075.0,2211.0,3253.0,3788.0,4232.0,4655.0,5060.0
28125.0,2212.0,3254.0,3789.0,4233.0,4656.0,5061.0
28175.0,2213.0,3255.0,3790.0,4234.0,4657.0,5062.0
28225.0,2214.0,3256.0,3791.0,4235.0,4658.0,5063.0
28275.0,2215.0,3257.0,3792.0,4235.0,4659.0,5064.0
28325.0,2215.0,3258.0,3793.0,4236.0,4660.0,5065.0
28375.0,2216.0,3259.0,3793.0,4237.0,4661.0,5067.0
28425.0,2217.0,3260.0,3794.0,4238.0,4662.0,5068.0
28475.0,2218.0,3261.0,3795.0,4239.0,4663.0,5069.0
28525.0,2219.0,3262.0,3796.0,4240.0,4664.0,5070.0
28575.0,2219.0,3263.0,3797.0,4241.0,4665.0,5071.0
28625.0,2220.0,3264.0,3798.0,4242.0,4666.0,5072.0
28675.0,2221.0,3265.0,3799.0,4243.0,4667.0,5073.0
28725.0,2222.0,3266.0,3799.0,4244.0,4668.0,5075.0
28775.0,2223.0,3267.0,3800.0,4245.0,4669.0,5076.0
28825.0,2223.0,3268.0,3801.0,4246.0,4670.0,5077.0
28875.0,2224.0,3269.0,3802.0,4247.0,4671.0,5078.0
28925.0,2225.0,3270.0,3803.0,4248.0,4673.0,5079.0
28975.0,2226.0,3270.0,3804.0,4249.0,4674.0,5080.0
29025.0,2226.0,3271.0,3805.0,4250.0,4675.0,5081.0
29075.0,2227.0,3272.0,3805.0,4251.0,4676.0,5082.0
29125.0,2228.0,3273.0,3806.0,4252.0,4677.0,5084.0
29175.0,2229.0,3274.0,3807.0,4252.0,4678.0,5085.0
29225.0,2230.0,3275.0,3808.0,4253.0,4679.0,5086.0
29275.0,2230.0,3276.0,3809.0,4254.0,4680.0,5087.0
29325.0,2231.0,3277.0,3810.0,4255.0,4681.0,5088.0
29375.0,2232.0,3278.0,3810.0,4256.0,4682.0,5089.0
29425.0,2233.0,3279.0,3811.0,4257.0,4683.0,5090.0
29475.0,2234.0,3280.0,3812.0,4258.0,4684.0,5091.0
29525.0,2234.0,3281.0,3813.0,4259.0,4685.0,5093.0
29575.0,2235.0,3282.0,3814.0,4260.0,4686.0,5094.0
29625.0,2236.0,3283.0,3815.0,4261.0,4687.0,5095.0
29675.0,2237.0,3284.0,3816.0,4262.0,4688.0,5096.0
29725.0,2238.0,3285.0,3816.0,4263.0,4689.0,5097.0
29775.0,2238.0,3286.0,3817.0,4264.0,4690.0,5098.0
29825.0,2239.0,3287.0,3818.0,4265.0,4691.0,5099.0
29875.0,2240.0,3288.0,3819.0,4266.0,4692.0,5101.0
29925.0,2241.0,3289.0,3820.0,4267.0,4693.0,5102.0
29975.0,2241.0,3289.0,3821.0,4268.0,4694.0,5103.0
